"id","timestamp","user","role","module","action","recordId","description","origin","syncTimestamp"
"AUD-00001","27-Aug-2026 14:22","District Officer Ramesh","District Authority","Projects","UPDATE","PRJ-050","Project land verification status updated via authorized terminal.","ONLINE",
"AUD-00002","27-Aug-2026 14:22","District Officer Ramesh","District Authority","Projects","UPDATE","PRJ-049","Project land verification status updated via authorized terminal.","ONLINE",
"AUD-00003","27-Aug-2026 14:22","District Officer Ramesh","District Authority","Projects","UPDATE","PRJ-001","Project land verification status updated via authorized terminal.","ONLINE",
"AUD-00004","27-Aug-2026 14:22","District Officer Ramesh","District Authority","Projects","UPDATE","PRJ-007","Project land verification status updated via authorized terminal.","ONLINE",
"AUD-00005","27-Aug-2026 14:22","District Officer Ramesh","District Authority","Projects","UPDATE","PRJ-018","Project land verification status updated via authorized terminal.","ONLINE",
"AUD-00006","27-Aug-2026 14:22","District Officer Ramesh","District Authority","Projects","UPDATE","PRJ-014","Project land verification status updated via authorized terminal.","ONLINE",
"AUD-00007","27-Aug-2026 14:22","District Officer Ramesh","District Authority","Projects","UPDATE","PRJ-045","Project land verification status updated via authorized terminal.","ONLINE",
"AUD-00008","27-Aug-2026 14:22","District Officer Ramesh","District Authority","Projects","UPDATE","PRJ-002","Project land verification status updated via authorized terminal.","ONLINE",
"AUD-00009","27-Aug-2026 14:22","District Officer Ramesh","District Authority","Projects","UPDATE","PRJ-017","Project land verification status updated via authorized terminal.","ONLINE",
"AUD-00010","27-Aug-2026 14:22","District Officer Ramesh","District Authority","Projects","UPDATE","PRJ-042","Project land verification status updated via authorized terminal.","ONLINE",
"AUD-00011","27-Aug-2026 14:22","District Officer Ramesh","District Authority","Projects","UPDATE","PRJ-006","Project land verification status updated via authorized terminal.","ONLINE",
"AUD-00012","27-Aug-2026 14:22","District Officer Ramesh","District Authority","Projects","UPDATE","PRJ-039","Project land verification status updated via authorized terminal.","ONLINE",
"AUD-00013","27-Aug-2026 14:22","District Officer Ramesh","District Authority","Projects","UPDATE","PRJ-009","Project land verification status updated via authorized terminal.","ONLINE",
"AUD-00014","27-Aug-2026 14:22","District Officer Ramesh","District Authority","Projects","UPDATE","PRJ-019","Project land verification status updated via authorized terminal.","ONLINE",
"AUD-00015","27-Aug-2026 14:22","District Officer Ramesh","District Authority","Projects","UPDATE","PRJ-002","Project land verification status updated via authorized terminal.","ONLINE",
"AUD-00016","27-Aug-2026 14:22","District Officer Ramesh","District Authority","Projects","UPDATE","PRJ-011","Project land verification status updated via authorized terminal.","ONLINE",
"AUD-00017","27-Aug-2026 14:22","District Officer Ramesh","District Authority","Projects","UPDATE","PRJ-043","Project land verification status updated via authorized terminal.","ONLINE",
"AUD-00018","27-Aug-2026 14:22","District Officer Ramesh","District Authority","Projects","UPDATE","PRJ-020","Project land verification status updated via authorized terminal.","ONLINE",
"AUD-00019","27-Aug-2026 14:22","District Officer Ramesh","District Authority","Projects","UPDATE","PRJ-025","Project land verification status updated via authorized terminal.","ONLINE",
"AUD-00020","27-Aug-2026 14:22","District Officer Ramesh","District Authority","Projects","UPDATE","PRJ-047","Project land verification status updated via authorized terminal.","ONLINE",
"AUD-00021","27-Aug-2026 14:22","District Officer Ramesh","District Authority","Projects","UPDATE","PRJ-012","Project land verification status updated via authorized terminal.","ONLINE",
"AUD-00022","27-Aug-2026 14:22","District Officer Ramesh","District Authority","Projects","UPDATE","PRJ-017","Project land verification status updated via authorized terminal.","ONLINE",
"AUD-00023","27-Aug-2026 14:22","District Officer Ramesh","District Authority","Projects","UPDATE","PRJ-038","Project land verification status updated via authorized terminal.","ONLINE",
"AUD-00024","27-Aug-2026 14:22","District Officer Ramesh","District Authority","Projects","UPDATE","PRJ-025","Project land verification status updated via authorized terminal.","ONLINE",
"AUD-00025","27-Aug-2026 14:22","District Officer Ramesh","District Authority","Projects","UPDATE","PRJ-044","Project land verification status updated via authorized terminal.","ONLINE",
"AUD-00026","27-Aug-2026 14:22","District Officer Ramesh","District Authority","Projects","UPDATE","PRJ-039","Project land verification status updated via authorized terminal.","ONLINE",
"AUD-00027","27-Aug-2026 14:22","District Officer Ramesh","District Authority","Projects","UPDATE","PRJ-045","Project land verification status updated via authorized terminal.","ONLINE",
"AUD-00028","27-Aug-2026 14:22","District Officer Ramesh","District Authority","Projects","UPDATE","PRJ-046","Project land verification status updated via authorized terminal.","ONLINE",
"AUD-00029","27-Aug-2026 14:22","District Officer Ramesh","District Authority","Projects","UPDATE","PRJ-050","Project land verification status updated via authorized terminal.","ONLINE",
"AUD-00030","27-Aug-2026 14:22","District Officer Ramesh","District Authority","Projects","UPDATE","PRJ-030","Project land verification status updated via authorized terminal.","ONLINE",
"AUD-00031","27-Aug-2026 14:22","District Officer Ramesh","District Authority","Projects","UPDATE","PRJ-013","Project land verification status updated via authorized terminal.","ONLINE",
"AUD-00032","27-Aug-2026 14:22","District Officer Ramesh","District Authority","Projects","UPDATE","PRJ-029","Project land verification status updated via authorized terminal.","ONLINE",
"AUD-00033","27-Aug-2026 14:22","District Officer Ramesh","District Authority","Projects","UPDATE","PRJ-023","Project land verification status updated via authorized terminal.","ONLINE",
"AUD-00034","27-Aug-2026 14:22","District Officer Ramesh","District Authority","Projects","UPDATE","PRJ-039","Project land verification status updated via authorized terminal.","ONLINE",
"AUD-00035","27-Aug-2026 14:22","District Officer Ramesh","District Authority","Projects","UPDATE","PRJ-036","Project land verification status updated via authorized terminal.","ONLINE",
"AUD-00036","27-Aug-2026 14:22","District Officer Ramesh","District Authority","Projects","UPDATE","PRJ-029","Project land verification status updated via authorized terminal.","ONLINE",
"AUD-00037","27-Aug-2026 14:22","District Officer Ramesh","District Authority","Projects","UPDATE","PRJ-012","Project land verification status updated via authorized terminal.","ONLINE",
"AUD-00038","27-Aug-2026 14:22","District Officer Ramesh","District Authority","Projects","UPDATE","PRJ-018","Project land verification status updated via authorized terminal.","ONLINE",
"AUD-00039","27-Aug-2026 14:22","District Officer Ramesh","District Authority","Projects","UPDATE","PRJ-026","Project land verification status updated via authorized terminal.","ONLINE",
"AUD-00040","27-Aug-2026 14:22","District Officer Ramesh","District Authority","Projects","UPDATE","PRJ-007","Project land verification status updated via authorized terminal.","ONLINE",
"AUD-00041","27-Aug-2026 14:22","District Officer Ramesh","District Authority","Projects","UPDATE","PRJ-024","Project land verification status updated via authorized terminal.","ONLINE",
"AUD-00042","27-Aug-2026 14:22","District Officer Ramesh","District Authority","Projects","UPDATE","PRJ-027","Project land verification status updated via authorized terminal.","ONLINE",
"AUD-00043","27-Aug-2026 14:22","District Officer Ramesh","District Authority","Projects","UPDATE","PRJ-047","Project land verification status updated via authorized terminal.","ONLINE",
"AUD-00044","27-Aug-2026 14:22","District Officer Ramesh","District Authority","Projects","UPDATE","PRJ-034","Project land verification status updated via authorized terminal.","ONLINE",
"AUD-00045","27-Aug-2026 14:22","District Officer Ramesh","District Authority","Projects","UPDATE","PRJ-034","Project land verification status updated via authorized terminal.","ONLINE",
"AUD-00046","27-Aug-2026 14:22","District Officer Ramesh","District Authority","Projects","UPDATE","PRJ-031","Project land verification status updated via authorized terminal.","ONLINE",
"AUD-00047","27-Aug-2026 14:22","District Officer Ramesh","District Authority","Projects","UPDATE","PRJ-023","Project land verification status updated via authorized terminal.","ONLINE",
"AUD-00048","27-Aug-2026 14:22","District Officer Ramesh","District Authority","Projects","UPDATE","PRJ-043","Project land verification status updated via authorized terminal.","ONLINE",
"AUD-00049","27-Aug-2026 14:22","District Officer Ramesh","District Authority","Projects","UPDATE","PRJ-032","Project land verification status updated via authorized terminal.","ONLINE",
"AUD-00050","27-Aug-2026 14:22","District Officer Ramesh","District Authority","Projects","UPDATE","PRJ-040","Project land verification status updated via authorized terminal.","ONLINE",
"AUD-00051","27-Aug-2026 14:22","District Officer Ramesh","District Authority","Projects","UPDATE","PRJ-043","Project land verification status updated via authorized terminal.","ONLINE",
"AUD-00052","27-Aug-2026 14:22","District Officer Ramesh","District Authority","Projects","UPDATE","PRJ-036","Project land verification status updated via authorized terminal.","ONLINE",
"AUD-00053","27-Aug-2026 14:22","District Officer Ramesh","District Authority","Projects","UPDATE","PRJ-048","Project land verification status updated via authorized terminal.","ONLINE",
"AUD-00054","27-Aug-2026 14:22","District Officer Ramesh","District Authority","Projects","UPDATE","PRJ-028","Project land verification status updated via authorized terminal.","ONLINE",
"AUD-00055","27-Aug-2026 14:22","District Officer Ramesh","District Authority","Projects","UPDATE","PRJ-014","Project land verification status updated via authorized terminal.","ONLINE",
"AUD-00056","27-Aug-2026 14:22","District Officer Ramesh","District Authority","Projects","UPDATE","PRJ-034","Project land verification status updated via authorized terminal.","ONLINE",
"AUD-00057","27-Aug-2026 14:22","District Officer Ramesh","District Authority","Projects","UPDATE","PRJ-012","Project land verification status updated via authorized terminal.","ONLINE",
"AUD-00058","27-Aug-2026 14:22","District Officer Ramesh","District Authority","Projects","UPDATE","PRJ-027","Project land verification status updated via authorized terminal.","ONLINE",
"AUD-00059","27-Aug-2026 14:22","District Officer Ramesh","District Authority","Projects","UPDATE","PRJ-014","Project land verification status updated via authorized terminal.","ONLINE",
"AUD-00060","27-Aug-2026 14:22","District Officer Ramesh","District Authority","Projects","UPDATE","PRJ-029","Project land verification status updated via authorized terminal.","ONLINE",
"AUD-00061","27-Aug-2026 14:22","District Officer Ramesh","District Authority","Projects","UPDATE","PRJ-019","Project land verification status updated via authorized terminal.","ONLINE",
"AUD-00062","27-Aug-2026 14:22","District Officer Ramesh","District Authority","Projects","UPDATE","PRJ-049","Project land verification status updated via authorized terminal.","ONLINE",
"AUD-00063","27-Aug-2026 14:22","District Officer Ramesh","District Authority","Projects","UPDATE","PRJ-002","Project land verification status updated via authorized terminal.","ONLINE",
"AUD-00064","27-Aug-2026 14:22","District Officer Ramesh","District Authority","Projects","UPDATE","PRJ-037","Project land verification status updated via authorized terminal.","ONLINE",
"AUD-00065","27-Aug-2026 14:22","District Officer Ramesh","District Authority","Projects","UPDATE","PRJ-030","Project land verification status updated via authorized terminal.","ONLINE",
"AUD-00066","27-Aug-2026 14:22","District Officer Ramesh","District Authority","Projects","UPDATE","PRJ-028","Project land verification status updated via authorized terminal.","ONLINE",
"AUD-00067","27-Aug-2026 14:22","District Officer Ramesh","District Authority","Projects","UPDATE","PRJ-016","Project land verification status updated via authorized terminal.","ONLINE",
"AUD-00068","27-Aug-2026 14:22","District Officer Ramesh","District Authority","Projects","UPDATE","PRJ-020","Project land verification status updated via authorized terminal.","ONLINE",
"AUD-00069","27-Aug-2026 14:22","District Officer Ramesh","District Authority","Projects","UPDATE","PRJ-034","Project land verification status updated via authorized terminal.","ONLINE",
"AUD-00070","27-Aug-2026 14:22","District Officer Ramesh","District Authority","Projects","UPDATE","PRJ-023","Project land verification status updated via authorized terminal.","ONLINE",
"AUD-00071","27-Aug-2026 14:22","District Officer Ramesh","District Authority","Projects","UPDATE","PRJ-050","Project land verification status updated via authorized terminal.","ONLINE",
"AUD-00072","27-Aug-2026 14:22","District Officer Ramesh","District Authority","Projects","UPDATE","PRJ-026","Project land verification status updated via authorized terminal.","ONLINE",
"AUD-00073","27-Aug-2026 14:22","District Officer Ramesh","District Authority","Projects","UPDATE","PRJ-045","Project land verification status updated via authorized terminal.","ONLINE",
"AUD-00074","27-Aug-2026 14:22","District Officer Ramesh","District Authority","Projects","UPDATE","PRJ-018","Project land verification status updated via authorized terminal.","ONLINE",
"AUD-00075","27-Aug-2026 14:22","District Officer Ramesh","District Authority","Projects","UPDATE","PRJ-023","Project land verification status updated via authorized terminal.","ONLINE",
"AUD-00076","27-Aug-2026 14:22","District Officer Ramesh","District Authority","Projects","UPDATE","PRJ-035","Project land verification status updated via authorized terminal.","ONLINE",
"AUD-00077","27-Aug-2026 14:22","District Officer Ramesh","District Authority","Projects","UPDATE","PRJ-021","Project land verification status updated via authorized terminal.","ONLINE",
"AUD-00078","27-Aug-2026 14:22","District Officer Ramesh","District Authority","Projects","UPDATE","PRJ-004","Project land verification status updated via authorized terminal.","ONLINE",
"AUD-00079","27-Aug-2026 14:22","District Officer Ramesh","District Authority","Projects","UPDATE","PRJ-041","Project land verification status updated via authorized terminal.","ONLINE",
"AUD-00080","27-Aug-2026 14:22","District Officer Ramesh","District Authority","Projects","UPDATE","PRJ-014","Project land verification status updated via authorized terminal.","ONLINE",
"AUD-00081","27-Aug-2026 14:22","District Officer Ramesh","District Authority","Projects","UPDATE","PRJ-017","Project land verification status updated via authorized terminal.","ONLINE",
"AUD-00082","27-Aug-2026 14:22","District Officer Ramesh","District Authority","Projects","UPDATE","PRJ-003","Project land verification status updated via authorized terminal.","ONLINE",
"AUD-00083","27-Aug-2026 14:22","District Officer Ramesh","District Authority","Projects","UPDATE","PRJ-014","Project land verification status updated via authorized terminal.","ONLINE",
"AUD-00084","27-Aug-2026 14:22","District Officer Ramesh","District Authority","Projects","UPDATE","PRJ-011","Project land verification status updated via authorized terminal.","ONLINE",
"AUD-00085","27-Aug-2026 14:22","District Officer Ramesh","District Authority","Projects","UPDATE","PRJ-037","Project land verification status updated via authorized terminal.","ONLINE",
"AUD-00086","27-Aug-2026 14:22","District Officer Ramesh","District Authority","Projects","UPDATE","PRJ-028","Project land verification status updated via authorized terminal.","ONLINE",
"AUD-00087","27-Aug-2026 14:22","District Officer Ramesh","District Authority","Projects","UPDATE","PRJ-032","Project land verification status updated via authorized terminal.","ONLINE",
"AUD-00088","27-Aug-2026 14:22","District Officer Ramesh","District Authority","Projects","UPDATE","PRJ-045","Project land verification status updated via authorized terminal.","ONLINE",
"AUD-00089","27-Aug-2026 14:22","District Officer Ramesh","District Authority","Projects","UPDATE","PRJ-025","Project land verification status updated via authorized terminal.","ONLINE",
"AUD-00090","27-Aug-2026 14:22","District Officer Ramesh","District Authority","Projects","UPDATE","PRJ-002","Project land verification status updated via authorized terminal.","ONLINE",
"AUD-00091","27-Aug-2026 14:22","District Officer Ramesh","District Authority","Projects","UPDATE","PRJ-018","Project land verification status updated via authorized terminal.","ONLINE",
"AUD-00092","27-Aug-2026 14:22","District Officer Ramesh","District Authority","Projects","UPDATE","PRJ-035","Project land verification status updated via authorized terminal.","ONLINE",
"AUD-00093","27-Aug-2026 14:22","District Officer Ramesh","District Authority","Projects","UPDATE","PRJ-005","Project land verification status updated via authorized terminal.","ONLINE",
"AUD-00094","27-Aug-2026 14:22","District Officer Ramesh","District Authority","Projects","UPDATE","PRJ-047","Project land verification status updated via authorized terminal.","ONLINE",
"AUD-00095","27-Aug-2026 14:22","District Officer Ramesh","District Authority","Projects","UPDATE","PRJ-039","Project land verification status updated via authorized terminal.","ONLINE",
"AUD-00096","27-Aug-2026 14:22","District Officer Ramesh","District Authority","Projects","UPDATE","PRJ-026","Project land verification status updated via authorized terminal.","ONLINE",
"AUD-00097","27-Aug-2026 14:22","District Officer Ramesh","District Authority","Projects","UPDATE","PRJ-026","Project land verification status updated via authorized terminal.","ONLINE",
"AUD-00098","27-Aug-2026 14:22","District Officer Ramesh","District Authority","Projects","UPDATE","PRJ-010","Project land verification status updated via authorized terminal.","ONLINE",
"AUD-00099","27-Aug-2026 14:22","District Officer Ramesh","District Authority","Projects","UPDATE","PRJ-005","Project land verification status updated via authorized terminal.","ONLINE",
"AUD-00100","27-Aug-2026 14:22","District Officer Ramesh","District Authority","Projects","UPDATE","PRJ-007","Project land verification status updated via authorized terminal.","ONLINE",
