"id","projectId","projectName","category","fileName","uploadedBy","uploadDate","version","status","size"
"DOC-00001","PRJ-001","NH-861 Expansion","DPR","DPR_PRJ-001.pdf","District Revenue Officer","2025-09-10","v1.0","Verified","2873 KB"
"DOC-00002","PRJ-001","NH-861 Expansion","Land Records","Land_Records_PRJ-001.pdf","District Revenue Officer","2025-09-10","v1.0","Verified","1761 KB"
"DOC-00003","PRJ-001","NH-861 Expansion","Notifications","Notifications_PRJ-001.pdf","District Revenue Officer","2025-09-10","v1.0","Verified","1991 KB"
"DOC-00004","PRJ-002","NH-72 Expansion","DPR","DPR_PRJ-002.pdf","District Revenue Officer","2025-09-10","v1.0","Verified","530 KB"
"DOC-00005","PRJ-002","NH-72 Expansion","Land Records","Land_Records_PRJ-002.pdf","District Revenue Officer","2025-09-10","v1.0","Verified","3005 KB"
"DOC-00006","PRJ-002","NH-72 Expansion","Notifications","Notifications_PRJ-002.pdf","District Revenue Officer","2025-09-10","v1.0","Verified","3177 KB"
"DOC-00007","PRJ-003","NH-615 Expansion","DPR","DPR_PRJ-003.pdf","District Revenue Officer","2025-09-10","v1.0","Verified","1064 KB"
"DOC-00008","PRJ-003","NH-615 Expansion","Land Records","Land_Records_PRJ-003.pdf","District Revenue Officer","2025-09-10","v1.0","Verified","1372 KB"
"DOC-00009","PRJ-003","NH-615 Expansion","Notifications","Notifications_PRJ-003.pdf","District Revenue Officer","2025-09-10","v1.0","Verified","931 KB"
"DOC-00010","PRJ-004","NH-215 Expansion","DPR","DPR_PRJ-004.pdf","District Revenue Officer","2025-09-10","v1.0","Verified","1952 KB"
"DOC-00011","PRJ-004","NH-215 Expansion","Land Records","Land_Records_PRJ-004.pdf","District Revenue Officer","2025-09-10","v1.0","Verified","1046 KB"
"DOC-00012","PRJ-004","NH-215 Expansion","Notifications","Notifications_PRJ-004.pdf","District Revenue Officer","2025-09-10","v1.0","Verified","3336 KB"
"DOC-00013","PRJ-005","NH-88 Expansion","DPR","DPR_PRJ-005.pdf","District Revenue Officer","2025-09-10","v1.0","Verified","3122 KB"
"DOC-00014","PRJ-005","NH-88 Expansion","Land Records","Land_Records_PRJ-005.pdf","District Revenue Officer","2025-09-10","v1.0","Verified","837 KB"
"DOC-00015","PRJ-005","NH-88 Expansion","Notifications","Notifications_PRJ-005.pdf","District Revenue Officer","2025-09-10","v1.0","Verified","2326 KB"
"DOC-00016","PRJ-006","NH-872 Expansion","DPR","DPR_PRJ-006.pdf","District Revenue Officer","2025-09-10","v1.0","Verified","3161 KB"
"DOC-00017","PRJ-006","NH-872 Expansion","Land Records","Land_Records_PRJ-006.pdf","District Revenue Officer","2025-09-10","v1.0","Verified","509 KB"
"DOC-00018","PRJ-006","NH-872 Expansion","Notifications","Notifications_PRJ-006.pdf","District Revenue Officer","2025-09-10","v1.0","Verified","1768 KB"
"DOC-00019","PRJ-007","RURAL ROAD-150","DPR","DPR_PRJ-007.pdf","District Revenue Officer","2025-09-10","v1.0","Verified","2954 KB"
"DOC-00020","PRJ-007","RURAL ROAD-150","Land Records","Land_Records_PRJ-007.pdf","District Revenue Officer","2025-09-10","v1.0","Verified","2740 KB"
"DOC-00021","PRJ-007","RURAL ROAD-150","Notifications","Notifications_PRJ-007.pdf","District Revenue Officer","2025-09-10","v1.0","Verified","1652 KB"
"DOC-00022","PRJ-008","NH-344 Expansion","DPR","DPR_PRJ-008.pdf","District Revenue Officer","2025-09-10","v1.0","Verified","3376 KB"
"DOC-00023","PRJ-008","NH-344 Expansion","Land Records","Land_Records_PRJ-008.pdf","District Revenue Officer","2025-09-10","v1.0","Verified","2161 KB"
"DOC-00024","PRJ-008","NH-344 Expansion","Notifications","Notifications_PRJ-008.pdf","District Revenue Officer","2025-09-10","v1.0","Verified","724 KB"
"DOC-00025","PRJ-009","RURAL ROAD-294","DPR","DPR_PRJ-009.pdf","District Revenue Officer","2025-09-10","v1.0","Verified","3487 KB"
"DOC-00026","PRJ-009","RURAL ROAD-294","Land Records","Land_Records_PRJ-009.pdf","District Revenue Officer","2025-09-10","v1.0","Verified","2055 KB"
"DOC-00027","PRJ-009","RURAL ROAD-294","Notifications","Notifications_PRJ-009.pdf","District Revenue Officer","2025-09-10","v1.0","Verified","2554 KB"
"DOC-00028","PRJ-010","NH-956 Expansion","DPR","DPR_PRJ-010.pdf","District Revenue Officer","2025-09-10","v1.0","Verified","3226 KB"
"DOC-00029","PRJ-010","NH-956 Expansion","Land Records","Land_Records_PRJ-010.pdf","District Revenue Officer","2025-09-10","v1.0","Verified","823 KB"
"DOC-00030","PRJ-010","NH-956 Expansion","Notifications","Notifications_PRJ-010.pdf","District Revenue Officer","2025-09-10","v1.0","Verified","981 KB"
"DOC-00031","PRJ-011","NH-460 Expansion","DPR","DPR_PRJ-011.pdf","District Revenue Officer","2025-09-10","v1.0","Verified","3148 KB"
"DOC-00032","PRJ-011","NH-460 Expansion","Land Records","Land_Records_PRJ-011.pdf","District Revenue Officer","2025-09-10","v1.0","Verified","3110 KB"
"DOC-00033","PRJ-011","NH-460 Expansion","Notifications","Notifications_PRJ-011.pdf","District Revenue Officer","2025-09-10","v1.0","Verified","2807 KB"
"DOC-00034","PRJ-012","NH-253 Expansion","DPR","DPR_PRJ-012.pdf","District Revenue Officer","2025-09-10","v1.0","Verified","2335 KB"
"DOC-00035","PRJ-012","NH-253 Expansion","Land Records","Land_Records_PRJ-012.pdf","District Revenue Officer","2025-09-10","v1.0","Verified","3099 KB"
"DOC-00036","PRJ-012","NH-253 Expansion","Notifications","Notifications_PRJ-012.pdf","District Revenue Officer","2025-09-10","v1.0","Verified","1445 KB"
"DOC-00037","PRJ-013","NH-561 Expansion","DPR","DPR_PRJ-013.pdf","District Revenue Officer","2025-09-10","v1.0","Verified","2691 KB"
"DOC-00038","PRJ-013","NH-561 Expansion","Land Records","Land_Records_PRJ-013.pdf","District Revenue Officer","2025-09-10","v1.0","Verified","2409 KB"
"DOC-00039","PRJ-013","NH-561 Expansion","Notifications","Notifications_PRJ-013.pdf","District Revenue Officer","2025-09-10","v1.0","Verified","1551 KB"
"DOC-00040","PRJ-014","NH-511 Expansion","DPR","DPR_PRJ-014.pdf","District Revenue Officer","2025-09-10","v1.0","Verified","1491 KB"
"DOC-00041","PRJ-014","NH-511 Expansion","Land Records","Land_Records_PRJ-014.pdf","District Revenue Officer","2025-09-10","v1.0","Verified","3390 KB"
"DOC-00042","PRJ-014","NH-511 Expansion","Notifications","Notifications_PRJ-014.pdf","District Revenue Officer","2025-09-10","v1.0","Verified","1448 KB"
"DOC-00043","PRJ-015","NH-476 Expansion","DPR","DPR_PRJ-015.pdf","District Revenue Officer","2025-09-10","v1.0","Verified","2635 KB"
"DOC-00044","PRJ-015","NH-476 Expansion","Land Records","Land_Records_PRJ-015.pdf","District Revenue Officer","2025-09-10","v1.0","Verified","3083 KB"
"DOC-00045","PRJ-015","NH-476 Expansion","Notifications","Notifications_PRJ-015.pdf","District Revenue Officer","2025-09-10","v1.0","Verified","1469 KB"
"DOC-00046","PRJ-016","RURAL ROAD-271","DPR","DPR_PRJ-016.pdf","District Revenue Officer","2025-09-10","v1.0","Verified","2372 KB"
"DOC-00047","PRJ-016","RURAL ROAD-271","Land Records","Land_Records_PRJ-016.pdf","District Revenue Officer","2025-09-10","v1.0","Verified","825 KB"
"DOC-00048","PRJ-016","RURAL ROAD-271","Notifications","Notifications_PRJ-016.pdf","District Revenue Officer","2025-09-10","v1.0","Verified","435 KB"
"DOC-00049","PRJ-017","NH-687 Expansion","DPR","DPR_PRJ-017.pdf","District Revenue Officer","2025-09-10","v1.0","Verified","1906 KB"
"DOC-00050","PRJ-017","NH-687 Expansion","Land Records","Land_Records_PRJ-017.pdf","District Revenue Officer","2025-09-10","v1.0","Verified","926 KB"
"DOC-00051","PRJ-017","NH-687 Expansion","Notifications","Notifications_PRJ-017.pdf","District Revenue Officer","2025-09-10","v1.0","Verified","514 KB"
"DOC-00052","PRJ-018","NH-876 Expansion","DPR","DPR_PRJ-018.pdf","District Revenue Officer","2025-09-10","v1.0","Verified","1108 KB"
"DOC-00053","PRJ-018","NH-876 Expansion","Land Records","Land_Records_PRJ-018.pdf","District Revenue Officer","2025-09-10","v1.0","Verified","1353 KB"
"DOC-00054","PRJ-018","NH-876 Expansion","Notifications","Notifications_PRJ-018.pdf","District Revenue Officer","2025-09-10","v1.0","Verified","2031 KB"
"DOC-00055","PRJ-019","NH-832 Expansion","DPR","DPR_PRJ-019.pdf","District Revenue Officer","2025-09-10","v1.0","Verified","1057 KB"
"DOC-00056","PRJ-019","NH-832 Expansion","Land Records","Land_Records_PRJ-019.pdf","District Revenue Officer","2025-09-10","v1.0","Verified","1933 KB"
"DOC-00057","PRJ-019","NH-832 Expansion","Notifications","Notifications_PRJ-019.pdf","District Revenue Officer","2025-09-10","v1.0","Verified","2683 KB"
"DOC-00058","PRJ-020","NH-485 Expansion","DPR","DPR_PRJ-020.pdf","District Revenue Officer","2025-09-10","v1.0","Verified","938 KB"
"DOC-00059","PRJ-020","NH-485 Expansion","Land Records","Land_Records_PRJ-020.pdf","District Revenue Officer","2025-09-10","v1.0","Verified","2294 KB"
"DOC-00060","PRJ-020","NH-485 Expansion","Notifications","Notifications_PRJ-020.pdf","District Revenue Officer","2025-09-10","v1.0","Verified","2648 KB"
"DOC-00061","PRJ-021","NH-21 Expansion","DPR","DPR_PRJ-021.pdf","District Revenue Officer","2025-09-10","v1.0","Verified","1280 KB"
"DOC-00062","PRJ-021","NH-21 Expansion","Land Records","Land_Records_PRJ-021.pdf","District Revenue Officer","2025-09-10","v1.0","Verified","1765 KB"
"DOC-00063","PRJ-021","NH-21 Expansion","Notifications","Notifications_PRJ-021.pdf","District Revenue Officer","2025-09-10","v1.0","Verified","816 KB"
"DOC-00064","PRJ-022","NH-274 Expansion","DPR","DPR_PRJ-022.pdf","District Revenue Officer","2025-09-10","v1.0","Verified","3275 KB"
"DOC-00065","PRJ-022","NH-274 Expansion","Land Records","Land_Records_PRJ-022.pdf","District Revenue Officer","2025-09-10","v1.0","Verified","512 KB"
"DOC-00066","PRJ-022","NH-274 Expansion","Notifications","Notifications_PRJ-022.pdf","District Revenue Officer","2025-09-10","v1.0","Verified","2173 KB"
"DOC-00067","PRJ-023","RURAL ROAD-316","DPR","DPR_PRJ-023.pdf","District Revenue Officer","2025-09-10","v1.0","Verified","645 KB"
"DOC-00068","PRJ-023","RURAL ROAD-316","Land Records","Land_Records_PRJ-023.pdf","District Revenue Officer","2025-09-10","v1.0","Verified","3467 KB"
"DOC-00069","PRJ-023","RURAL ROAD-316","Notifications","Notifications_PRJ-023.pdf","District Revenue Officer","2025-09-10","v1.0","Verified","2865 KB"
"DOC-00070","PRJ-024","NH-777 Expansion","DPR","DPR_PRJ-024.pdf","District Revenue Officer","2025-09-10","v1.0","Verified","2063 KB"
"DOC-00071","PRJ-024","NH-777 Expansion","Land Records","Land_Records_PRJ-024.pdf","District Revenue Officer","2025-09-10","v1.0","Verified","2744 KB"
"DOC-00072","PRJ-024","NH-777 Expansion","Notifications","Notifications_PRJ-024.pdf","District Revenue Officer","2025-09-10","v1.0","Verified","701 KB"
"DOC-00073","PRJ-025","NH-898 Expansion","DPR","DPR_PRJ-025.pdf","District Revenue Officer","2025-09-10","v1.0","Verified","3459 KB"
"DOC-00074","PRJ-025","NH-898 Expansion","Land Records","Land_Records_PRJ-025.pdf","District Revenue Officer","2025-09-10","v1.0","Verified","2823 KB"
"DOC-00075","PRJ-025","NH-898 Expansion","Notifications","Notifications_PRJ-025.pdf","District Revenue Officer","2025-09-10","v1.0","Verified","2057 KB"
"DOC-00076","PRJ-026","NH-367 Expansion","DPR","DPR_PRJ-026.pdf","District Revenue Officer","2025-09-10","v1.0","Verified","1276 KB"
"DOC-00077","PRJ-026","NH-367 Expansion","Land Records","Land_Records_PRJ-026.pdf","District Revenue Officer","2025-09-10","v1.0","Verified","3021 KB"
"DOC-00078","PRJ-026","NH-367 Expansion","Notifications","Notifications_PRJ-026.pdf","District Revenue Officer","2025-09-10","v1.0","Verified","1172 KB"
"DOC-00079","PRJ-027","NH-428 Expansion","DPR","DPR_PRJ-027.pdf","District Revenue Officer","2025-09-10","v1.0","Verified","1993 KB"
"DOC-00080","PRJ-027","NH-428 Expansion","Land Records","Land_Records_PRJ-027.pdf","District Revenue Officer","2025-09-10","v1.0","Verified","601 KB"
"DOC-00081","PRJ-027","NH-428 Expansion","Notifications","Notifications_PRJ-027.pdf","District Revenue Officer","2025-09-10","v1.0","Verified","3054 KB"
"DOC-00082","PRJ-028","NH-943 Expansion","DPR","DPR_PRJ-028.pdf","District Revenue Officer","2025-09-10","v1.0","Verified","1094 KB"
"DOC-00083","PRJ-028","NH-943 Expansion","Land Records","Land_Records_PRJ-028.pdf","District Revenue Officer","2025-09-10","v1.0","Verified","528 KB"
"DOC-00084","PRJ-028","NH-943 Expansion","Notifications","Notifications_PRJ-028.pdf","District Revenue Officer","2025-09-10","v1.0","Verified","1127 KB"
"DOC-00085","PRJ-029","NH-81 Expansion","DPR","DPR_PRJ-029.pdf","District Revenue Officer","2025-09-10","v1.0","Verified","453 KB"
"DOC-00086","PRJ-029","NH-81 Expansion","Land Records","Land_Records_PRJ-029.pdf","District Revenue Officer","2025-09-10","v1.0","Verified","2224 KB"
"DOC-00087","PRJ-029","NH-81 Expansion","Notifications","Notifications_PRJ-029.pdf","District Revenue Officer","2025-09-10","v1.0","Verified","1954 KB"
"DOC-00088","PRJ-030","NH-872 Expansion","DPR","DPR_PRJ-030.pdf","District Revenue Officer","2025-09-10","v1.0","Verified","3371 KB"
"DOC-00089","PRJ-030","NH-872 Expansion","Land Records","Land_Records_PRJ-030.pdf","District Revenue Officer","2025-09-10","v1.0","Verified","2543 KB"
"DOC-00090","PRJ-030","NH-872 Expansion","Notifications","Notifications_PRJ-030.pdf","District Revenue Officer","2025-09-10","v1.0","Verified","453 KB"
"DOC-00091","PRJ-031","RURAL ROAD-390","DPR","DPR_PRJ-031.pdf","District Revenue Officer","2025-09-10","v1.0","Verified","523 KB"
"DOC-00092","PRJ-031","RURAL ROAD-390","Land Records","Land_Records_PRJ-031.pdf","District Revenue Officer","2025-09-10","v1.0","Verified","946 KB"
"DOC-00093","PRJ-031","RURAL ROAD-390","Notifications","Notifications_PRJ-031.pdf","District Revenue Officer","2025-09-10","v1.0","Verified","1907 KB"
"DOC-00094","PRJ-032","NH-772 Expansion","DPR","DPR_PRJ-032.pdf","District Revenue Officer","2025-09-10","v1.0","Verified","1256 KB"
"DOC-00095","PRJ-032","NH-772 Expansion","Land Records","Land_Records_PRJ-032.pdf","District Revenue Officer","2025-09-10","v1.0","Verified","2493 KB"
"DOC-00096","PRJ-032","NH-772 Expansion","Notifications","Notifications_PRJ-032.pdf","District Revenue Officer","2025-09-10","v1.0","Verified","1804 KB"
"DOC-00097","PRJ-033","NH-703 Expansion","DPR","DPR_PRJ-033.pdf","District Revenue Officer","2025-09-10","v1.0","Verified","2900 KB"
"DOC-00098","PRJ-033","NH-703 Expansion","Land Records","Land_Records_PRJ-033.pdf","District Revenue Officer","2025-09-10","v1.0","Verified","3220 KB"
"DOC-00099","PRJ-033","NH-703 Expansion","Notifications","Notifications_PRJ-033.pdf","District Revenue Officer","2025-09-10","v1.0","Verified","2076 KB"
"DOC-00100","PRJ-034","RURAL ROAD-44","DPR","DPR_PRJ-034.pdf","District Revenue Officer","2025-09-10","v1.0","Verified","1404 KB"
"DOC-00101","PRJ-034","RURAL ROAD-44","Land Records","Land_Records_PRJ-034.pdf","District Revenue Officer","2025-09-10","v1.0","Verified","634 KB"
"DOC-00102","PRJ-034","RURAL ROAD-44","Notifications","Notifications_PRJ-034.pdf","District Revenue Officer","2025-09-10","v1.0","Verified","1322 KB"
"DOC-00103","PRJ-035","RURAL ROAD-446","DPR","DPR_PRJ-035.pdf","District Revenue Officer","2025-09-10","v1.0","Verified","541 KB"
"DOC-00104","PRJ-035","RURAL ROAD-446","Land Records","Land_Records_PRJ-035.pdf","District Revenue Officer","2025-09-10","v1.0","Verified","1025 KB"
"DOC-00105","PRJ-035","RURAL ROAD-446","Notifications","Notifications_PRJ-035.pdf","District Revenue Officer","2025-09-10","v1.0","Verified","2925 KB"
"DOC-00106","PRJ-036","RURAL ROAD-351","DPR","DPR_PRJ-036.pdf","District Revenue Officer","2025-09-10","v1.0","Verified","1490 KB"
"DOC-00107","PRJ-036","RURAL ROAD-351","Land Records","Land_Records_PRJ-036.pdf","District Revenue Officer","2025-09-10","v1.0","Verified","999 KB"
"DOC-00108","PRJ-036","RURAL ROAD-351","Notifications","Notifications_PRJ-036.pdf","District Revenue Officer","2025-09-10","v1.0","Verified","990 KB"
"DOC-00109","PRJ-037","RURAL ROAD-456","DPR","DPR_PRJ-037.pdf","District Revenue Officer","2025-09-10","v1.0","Verified","414 KB"
"DOC-00110","PRJ-037","RURAL ROAD-456","Land Records","Land_Records_PRJ-037.pdf","District Revenue Officer","2025-09-10","v1.0","Verified","2272 KB"
"DOC-00111","PRJ-037","RURAL ROAD-456","Notifications","Notifications_PRJ-037.pdf","District Revenue Officer","2025-09-10","v1.0","Verified","1541 KB"
"DOC-00112","PRJ-038","NH-252 Expansion","DPR","DPR_PRJ-038.pdf","District Revenue Officer","2025-09-10","v1.0","Verified","3279 KB"
"DOC-00113","PRJ-038","NH-252 Expansion","Land Records","Land_Records_PRJ-038.pdf","District Revenue Officer","2025-09-10","v1.0","Verified","3170 KB"
"DOC-00114","PRJ-038","NH-252 Expansion","Notifications","Notifications_PRJ-038.pdf","District Revenue Officer","2025-09-10","v1.0","Verified","433 KB"
"DOC-00115","PRJ-039","NH-296 Expansion","DPR","DPR_PRJ-039.pdf","District Revenue Officer","2025-09-10","v1.0","Verified","2132 KB"
"DOC-00116","PRJ-039","NH-296 Expansion","Land Records","Land_Records_PRJ-039.pdf","District Revenue Officer","2025-09-10","v1.0","Verified","1574 KB"
"DOC-00117","PRJ-039","NH-296 Expansion","Notifications","Notifications_PRJ-039.pdf","District Revenue Officer","2025-09-10","v1.0","Verified","2238 KB"
"DOC-00118","PRJ-040","RURAL ROAD-237","DPR","DPR_PRJ-040.pdf","District Revenue Officer","2025-09-10","v1.0","Verified","1892 KB"
"DOC-00119","PRJ-040","RURAL ROAD-237","Land Records","Land_Records_PRJ-040.pdf","District Revenue Officer","2025-09-10","v1.0","Verified","3181 KB"
"DOC-00120","PRJ-040","RURAL ROAD-237","Notifications","Notifications_PRJ-040.pdf","District Revenue Officer","2025-09-10","v1.0","Verified","2219 KB"
"DOC-00121","PRJ-041","NH-53 Expansion","DPR","DPR_PRJ-041.pdf","District Revenue Officer","2025-09-10","v1.0","Verified","1803 KB"
"DOC-00122","PRJ-041","NH-53 Expansion","Land Records","Land_Records_PRJ-041.pdf","District Revenue Officer","2025-09-10","v1.0","Verified","3141 KB"
"DOC-00123","PRJ-041","NH-53 Expansion","Notifications","Notifications_PRJ-041.pdf","District Revenue Officer","2025-09-10","v1.0","Verified","1652 KB"
"DOC-00124","PRJ-042","NH-217 Expansion","DPR","DPR_PRJ-042.pdf","District Revenue Officer","2025-09-10","v1.0","Verified","2371 KB"
"DOC-00125","PRJ-042","NH-217 Expansion","Land Records","Land_Records_PRJ-042.pdf","District Revenue Officer","2025-09-10","v1.0","Verified","1078 KB"
"DOC-00126","PRJ-042","NH-217 Expansion","Notifications","Notifications_PRJ-042.pdf","District Revenue Officer","2025-09-10","v1.0","Verified","1594 KB"
"DOC-00127","PRJ-043","NH-380 Expansion","DPR","DPR_PRJ-043.pdf","District Revenue Officer","2025-09-10","v1.0","Verified","3281 KB"
"DOC-00128","PRJ-043","NH-380 Expansion","Land Records","Land_Records_PRJ-043.pdf","District Revenue Officer","2025-09-10","v1.0","Verified","662 KB"
"DOC-00129","PRJ-043","NH-380 Expansion","Notifications","Notifications_PRJ-043.pdf","District Revenue Officer","2025-09-10","v1.0","Verified","2578 KB"
"DOC-00130","PRJ-044","NH-157 Expansion","DPR","DPR_PRJ-044.pdf","District Revenue Officer","2025-09-10","v1.0","Verified","2310 KB"
"DOC-00131","PRJ-044","NH-157 Expansion","Land Records","Land_Records_PRJ-044.pdf","District Revenue Officer","2025-09-10","v1.0","Verified","1201 KB"
"DOC-00132","PRJ-044","NH-157 Expansion","Notifications","Notifications_PRJ-044.pdf","District Revenue Officer","2025-09-10","v1.0","Verified","2271 KB"
"DOC-00133","PRJ-045","RURAL ROAD-65","DPR","DPR_PRJ-045.pdf","District Revenue Officer","2025-09-10","v1.0","Verified","2390 KB"
"DOC-00134","PRJ-045","RURAL ROAD-65","Land Records","Land_Records_PRJ-045.pdf","District Revenue Officer","2025-09-10","v1.0","Verified","2440 KB"
"DOC-00135","PRJ-045","RURAL ROAD-65","Notifications","Notifications_PRJ-045.pdf","District Revenue Officer","2025-09-10","v1.0","Verified","1460 KB"
"DOC-00136","PRJ-046","NH-521 Expansion","DPR","DPR_PRJ-046.pdf","District Revenue Officer","2025-09-10","v1.0","Verified","3287 KB"
"DOC-00137","PRJ-046","NH-521 Expansion","Land Records","Land_Records_PRJ-046.pdf","District Revenue Officer","2025-09-10","v1.0","Verified","3265 KB"
"DOC-00138","PRJ-046","NH-521 Expansion","Notifications","Notifications_PRJ-046.pdf","District Revenue Officer","2025-09-10","v1.0","Verified","1333 KB"
"DOC-00139","PRJ-047","RURAL ROAD-492","DPR","DPR_PRJ-047.pdf","District Revenue Officer","2025-09-10","v1.0","Verified","3250 KB"
"DOC-00140","PRJ-047","RURAL ROAD-492","Land Records","Land_Records_PRJ-047.pdf","District Revenue Officer","2025-09-10","v1.0","Verified","564 KB"
"DOC-00141","PRJ-047","RURAL ROAD-492","Notifications","Notifications_PRJ-047.pdf","District Revenue Officer","2025-09-10","v1.0","Verified","1532 KB"
"DOC-00142","PRJ-048","NH-63 Expansion","DPR","DPR_PRJ-048.pdf","District Revenue Officer","2025-09-10","v1.0","Verified","1187 KB"
"DOC-00143","PRJ-048","NH-63 Expansion","Land Records","Land_Records_PRJ-048.pdf","District Revenue Officer","2025-09-10","v1.0","Verified","1802 KB"
"DOC-00144","PRJ-048","NH-63 Expansion","Notifications","Notifications_PRJ-048.pdf","District Revenue Officer","2025-09-10","v1.0","Verified","2072 KB"
"DOC-00145","PRJ-049","RURAL ROAD-81","DPR","DPR_PRJ-049.pdf","District Revenue Officer","2025-09-10","v1.0","Verified","3181 KB"
"DOC-00146","PRJ-049","RURAL ROAD-81","Land Records","Land_Records_PRJ-049.pdf","District Revenue Officer","2025-09-10","v1.0","Verified","1897 KB"
"DOC-00147","PRJ-049","RURAL ROAD-81","Notifications","Notifications_PRJ-049.pdf","District Revenue Officer","2025-09-10","v1.0","Verified","1667 KB"
"DOC-00148","PRJ-050","RURAL ROAD-419","DPR","DPR_PRJ-050.pdf","District Revenue Officer","2025-09-10","v1.0","Verified","1766 KB"
"DOC-00149","PRJ-050","RURAL ROAD-419","Land Records","Land_Records_PRJ-050.pdf","District Revenue Officer","2025-09-10","v1.0","Verified","1900 KB"
"DOC-00150","PRJ-050","RURAL ROAD-419","Notifications","Notifications_PRJ-050.pdf","District Revenue Officer","2025-09-10","v1.0","Verified","1943 KB"
