"id","projectId","surveyNumber","village","taluk","district","state","area","landType","ownershipType","lat","lng","acquisitionStatus","compensationStatus","possessionStatus","rrStatus","ownerCount"
"LP-0001-MH","PRJ-001","312/2B","Vadakkukarai","Mumbai Suburban","Mumbai","Maharashtra","4.95","Dry Land","Temple Land","19.00409","72.83009","Acquired","Fully Paid","Handover Completed","Completed","2"
"LP-0002-MH","PRJ-001","315/1B","Alampatti","Mumbai Suburban","Mumbai","Maharashtra","4.95","Garden Land","Private Patta","18.91205","72.95976","Acquired","Fully Paid","Handover Completed","Completed","5"
"LP-0003-MH","PRJ-001","328/1B","Therkku Poigainallur","Mumbai Suburban","Mumbai","Maharashtra","4.95","Commercial","Assigned","19.08257","72.75225","Acquired","Fully Paid","Handover Completed","Completed","1"
"LP-0004-MH","PRJ-001","191/5B","Melmaruvathur","Mumbai Suburban","Mumbai","Maharashtra","4.95","Poramboke","Assigned","19.17534","72.83153","Acquired","Fully Paid","Handover Completed","Completed","1"
"LP-0005-UP","PRJ-002","558/4A","Sulthanpet","Sarojini Nagar","Lucknow","Uttar Pradesh","8.4","Wetland","Inam","26.70345","80.92098","Notified","Assessed","Pending","Eligible","4"
"LP-0006-UP","PRJ-002","246/3B","Alampatti","Sarojini Nagar","Lucknow","Uttar Pradesh","8.4","Residential","Private Patta","26.99937","81.12927","Acquired","Fully Paid","Handover Completed","In Progress","2"
"LP-0007-UP","PRJ-002","105/1A","Thenkudi","Sarojini Nagar","Lucknow","Uttar Pradesh","8.4","Residential","Private Patta","26.70058","80.83246","Notified","Assessed","Pending","Eligible","3"
"LP-0008-TN","PRJ-003","146/8B","Nallur","Coimbatore North","Coimbatore","Tamil Nadu","19.2","Wetland","Wakf","10.89148","76.87371","Disputed","Not Started","Pending","Eligible","3"
"LP-0009-TN","PRJ-003","430/1B","Keeladi","Coimbatore North","Coimbatore","Tamil Nadu","19.2","Commercial","Inam","10.95608","77.14132","Proposed","Not Started","Pending","Eligible","3"
"LP-0010-TN","PRJ-003","569/7A","Keezhkattalai","Coimbatore North","Coimbatore","Tamil Nadu","19.2","Wetland","Government","11.19292","77.04384","Proposed","Not Started","Pending","Eligible","3"
"LP-0011-TN","PRJ-003","246/1B","Kallidaikurichi","Coimbatore North","Coimbatore","Tamil Nadu","19.2","Commercial","Government","10.95035","76.97268","Proposed","Not Started","Pending","Eligible","4"
"LP-0012-TN","PRJ-003","495/6A","Keeladi","Coimbatore North","Coimbatore","Tamil Nadu","19.2","Poramboke","Assigned","10.91564","77.111","Pending","Not Started","Pending","Eligible","4"
"LP-0013-TN","PRJ-004","193/2B","Alampatti","Coimbatore North","Coimbatore","Tamil Nadu","14.21","Poramboke","Inam","11.19925","76.78721","Disputed","Not Started","Pending","Eligible","3"
"LP-0014-TN","PRJ-004","194/8B","Manamadurai","Coimbatore North","Coimbatore","Tamil Nadu","14.21","Wetland","Government","11.0489","76.76325","Pending","Not Started","Pending","Eligible","5"
"LP-0015-TN","PRJ-004","409/6B","Thenkudi","Coimbatore North","Coimbatore","Tamil Nadu","14.21","Commercial","Assigned","10.82915","76.89212","Proposed","Not Started","Pending","Eligible","4"
"LP-0016-TN","PRJ-004","414/5A","Keeladi","Coimbatore North","Coimbatore","Tamil Nadu","14.21","Dry Land","Temple Land","11.07427","76.998","Notified","Assessed","Pending","Eligible","2"
"LP-0017-TN","PRJ-004","68/2B","Thenkudi","Coimbatore North","Coimbatore","Tamil Nadu","14.21","Commercial","Inam","10.81706","76.98754","Proposed","Not Started","Pending","Eligible","2"
"LP-0018-TN","PRJ-004","118/6A","Kallidaikurichi","Coimbatore North","Coimbatore","Tamil Nadu","14.21","Dry Land","Temple Land","10.89634","77.01255","Notified","Assessed","Pending","Eligible","4"
"LP-0019-TN","PRJ-004","220/5A","Pazhaverkadu","Coimbatore North","Coimbatore","Tamil Nadu","14.21","Dry Land","Assigned","11.03855","76.97081","Pending","Not Started","Pending","Eligible","4"
"LP-0020-MH","PRJ-005","552/5A","Keeladi","Mumbai Suburban","Mumbai","Maharashtra","13.96","Wetland","Inam","18.91978","72.67973","Proposed","Not Started","Pending","Eligible","4"
"LP-0021-MH","PRJ-005","148/8B","Kottur","Mumbai Suburban","Mumbai","Maharashtra","13.96","Garden Land","Temple Land","18.92755","72.99463","Notified","Assessed","Pending","Eligible","2"
"LP-0022-MH","PRJ-005","39/1B","Keezhkattalai","Mumbai Suburban","Mumbai","Maharashtra","13.96","Poramboke","Assigned","19.08553","72.96566","Proposed","Not Started","Pending","Eligible","5"
"LP-0023-MH","PRJ-005","534/3A","Kottur","Mumbai Suburban","Mumbai","Maharashtra","13.96","Residential","Wakf","19.25262","73.00219","Pending","Not Started","Pending","Eligible","4"
"LP-0024-MH","PRJ-005","480/8B","Therkku Poigainallur","Mumbai Suburban","Mumbai","Maharashtra","13.96","Residential","Wakf","19.19852","73.00332","Notified","Assessed","Pending","Eligible","3"
"LP-0025-MH","PRJ-005","125/3B","Keeladi","Mumbai Suburban","Mumbai","Maharashtra","13.96","Poramboke","Wakf","19.24324","72.70165","Pending","Not Started","Pending","Eligible","5"
"LP-0026-MH","PRJ-005","511/4A","Kallidaikurichi","Mumbai Suburban","Mumbai","Maharashtra","13.96","Wetland","Wakf","19.08095","73.06506","Proposed","Not Started","Pending","Eligible","1"
"LP-0027-KA","PRJ-006","92/1A","Kodiveri","Bengaluru South","Bengaluru","Karnataka","14.57","Poramboke","Inam","12.959","77.6686","Acquired","Fully Paid","Handover Completed","Completed","1"
"LP-0028-KA","PRJ-006","380/7A","Kottur","Bengaluru South","Bengaluru","Karnataka","14.57","Commercial","Inam","12.88556","77.50697","Acquired","Fully Paid","Handover Completed","Completed","3"
"LP-0029-KA","PRJ-006","336/1A","Manamadurai","Bengaluru South","Bengaluru","Karnataka","14.57","Garden Land","Assigned","13.01295","77.58568","Acquired","Fully Paid","Handover Completed","Completed","5"
"LP-0030-TN","PRJ-007","518/1B","Manamadurai","Coimbatore North","Coimbatore","Tamil Nadu","11.5","Commercial","Private Patta","10.86668","77.15164","Acquired","Fully Paid","Handover Completed","Completed","2"
"LP-0031-TN","PRJ-007","82/3A","Therkku Poigainallur","Coimbatore North","Coimbatore","Tamil Nadu","11.5","Dry Land","Private Patta","11.07635","77.00664","Acquired","Fully Paid","Handover Completed","Completed","3"
"LP-0032-TN","PRJ-007","57/5B","Manamadurai","Coimbatore North","Coimbatore","Tamil Nadu","11.5","Poramboke","Inam","11.0117","76.95844","Acquired","Fully Paid","Handover Completed","Completed","1"
"LP-0033-TN","PRJ-007","568/3B","Keezhkattalai","Coimbatore North","Coimbatore","Tamil Nadu","11.5","Commercial","Wakf","11.00096","77.07587","Acquired","Fully Paid","Handover Completed","Completed","2"
"LP-0034-TN","PRJ-007","370/5A","Melmaruvathur","Coimbatore North","Coimbatore","Tamil Nadu","11.5","Wetland","Government","11.18361","76.99728","Acquired","Fully Paid","Handover Completed","Completed","1"
"LP-0035-TN","PRJ-007","489/8A","Manamadurai","Coimbatore North","Coimbatore","Tamil Nadu","11.5","Dry Land","Inam","11.10697","76.95209","Acquired","Fully Paid","Handover Completed","Completed","1"
"LP-0036-TN","PRJ-007","94/8A","Vadakkukarai","Coimbatore North","Coimbatore","Tamil Nadu","11.5","Garden Land","Inam","10.83314","76.82684","Acquired","Fully Paid","Handover Completed","Completed","4"
"LP-0037-MH","PRJ-008","448/8A","Keeladi","Haveli","Pune","Maharashtra","15.35","Garden Land","Inam","18.60089","73.91848","Acquired","Fully Paid","Handover Completed","In Progress","1"
"LP-0038-MH","PRJ-008","568/6B","Therkku Poigainallur","Haveli","Pune","Maharashtra","15.35","Wetland","Temple Land","18.53571","73.90956","Acquired","Fully Paid","Handover Completed","In Progress","5"
"LP-0039-MH","PRJ-008","230/5A","Sulthanpet","Haveli","Pune","Maharashtra","15.35","Commercial","Inam","18.33099","73.89306","Acquired","Fully Paid","Handover Completed","In Progress","5"
"LP-0040-MH","PRJ-008","231/5A","Pazhaverkadu","Haveli","Pune","Maharashtra","15.35","Wetland","Private Patta","18.68213","73.97745","Notified","Assessed","Pending","Eligible","5"
"LP-0041-MH","PRJ-008","593/6B","Vadakkukarai","Haveli","Pune","Maharashtra","15.35","Garden Land","Inam","18.35115","73.98026","Notified","Assessed","Pending","Eligible","4"
"LP-0042-MH","PRJ-008","404/8B","Melmaruvathur","Haveli","Pune","Maharashtra","15.35","Residential","Private Patta","18.63716","73.87321","Notified","Assessed","Pending","Eligible","3"
"LP-0043-UP","PRJ-009","192/7A","Melmaruvathur","Sarojini Nagar","Lucknow","Uttar Pradesh","8.73","Residential","Government","26.75695","81.01411","Disputed","Not Started","Pending","Eligible","1"
"LP-0044-UP","PRJ-009","402/5B","Keezhkattalai","Sarojini Nagar","Lucknow","Uttar Pradesh","8.73","Residential","Inam","26.81647","81.08605","Notified","Assessed","Pending","Eligible","3"
"LP-0045-UP","PRJ-009","452/2B","Therkku Poigainallur","Sarojini Nagar","Lucknow","Uttar Pradesh","8.73","Residential","Temple Land","26.84936","80.78188","Acquired","Fully Paid","Handover Completed","In Progress","5"
"LP-0046-TN","PRJ-010","498/4B","Kodiveri","Coimbatore North","Coimbatore","Tamil Nadu","16.38","Poramboke","Wakf","10.834","77.14674","Acquired","Fully Paid","Handover Completed","In Progress","4"
"LP-0047-TN","PRJ-010","398/6A","Sulthanpet","Coimbatore North","Coimbatore","Tamil Nadu","16.38","Garden Land","Assigned","11.18638","76.80037","Notified","Assessed","Pending","Eligible","4"
"LP-0048-TN","PRJ-010","275/4B","Devikapuram","Coimbatore North","Coimbatore","Tamil Nadu","16.38","Wetland","Wakf","10.87537","77.07278","Acquired","Fully Paid","Handover Completed","In Progress","3"
"LP-0049-TN","PRJ-010","440/2B","Manamadurai","Coimbatore North","Coimbatore","Tamil Nadu","16.38","Dry Land","Temple Land","11.00588","77.08584","Acquired","Fully Paid","Handover Completed","In Progress","3"
"LP-0050-TN","PRJ-010","94/7A","Nallur","Coimbatore North","Coimbatore","Tamil Nadu","16.38","Wetland","Inam","10.84471","77.09424","Notified","Assessed","Pending","Eligible","5"
"LP-0051-TN","PRJ-011","41/6B","Kodiveri","Coimbatore North","Coimbatore","Tamil Nadu","13","Commercial","Inam","10.8408","76.87268","Disputed","Not Started","Pending","Eligible","1"
"LP-0052-TN","PRJ-011","451/3A","Keeladi","Coimbatore North","Coimbatore","Tamil Nadu","13","Garden Land","Inam","11.1392","77.10866","Pending","Not Started","Pending","Eligible","3"
"LP-0053-TN","PRJ-011","344/2B","Manamadurai","Coimbatore North","Coimbatore","Tamil Nadu","13","Residential","Inam","11.02786","77.06303","Notified","Assessed","Pending","Eligible","5"
"LP-0054-TN","PRJ-011","406/7A","Vadakkukarai","Coimbatore North","Coimbatore","Tamil Nadu","13","Wetland","Inam","10.86506","76.81758","Pending","Not Started","Pending","Eligible","5"
"LP-0055-TN","PRJ-011","529/5A","Vadakkukarai","Coimbatore North","Coimbatore","Tamil Nadu","13","Commercial","Assigned","11.0045","76.95319","Pending","Not Started","Pending","Eligible","3"
"LP-0056-TN","PRJ-011","337/1B","Alampatti","Coimbatore North","Coimbatore","Tamil Nadu","13","Residential","Wakf","11.12902","76.99765","Pending","Not Started","Pending","Eligible","4"
"LP-0057-KA","PRJ-012","456/1B","Nallur","Bengaluru South","Bengaluru","Karnataka","8.67","Poramboke","Wakf","12.80458","77.57947","Notified","Assessed","Pending","Eligible","2"
"LP-0058-KA","PRJ-012","449/2B","Therkku Poigainallur","Bengaluru South","Bengaluru","Karnataka","8.67","Garden Land","Assigned","12.8652","77.58155","Acquired","Fully Paid","Handover Completed","In Progress","4"
"LP-0059-KA","PRJ-012","435/5B","Vadakkukarai","Bengaluru South","Bengaluru","Karnataka","8.67","Dry Land","Temple Land","13.11528","77.6593","Notified","Assessed","Pending","Eligible","2"
"LP-0060-MH","PRJ-013","131/3A","Keezhkattalai","Mumbai Suburban","Mumbai","Maharashtra","9.7","Dry Land","Assigned","18.94292","73.01709","Disputed","Not Started","Pending","Eligible","5"
"LP-0061-MH","PRJ-013","350/4A","Devikapuram","Mumbai Suburban","Mumbai","Maharashtra","9.7","Wetland","Private Patta","18.93344","72.85782","Acquired","Fully Paid","Handover Completed","In Progress","1"
"LP-0062-MH","PRJ-013","589/2B","Therkku Poigainallur","Mumbai Suburban","Mumbai","Maharashtra","9.7","Wetland","Assigned","18.97373","73.02807","Acquired","Fully Paid","Handover Completed","In Progress","4"
"LP-0063-MH","PRJ-013","582/7A","Melmaruvathur","Mumbai Suburban","Mumbai","Maharashtra","9.7","Dry Land","Government","19.25518","72.96039","Acquired","Fully Paid","Handover Completed","In Progress","3"
"LP-0064-MH","PRJ-013","237/7A","Vadakkukarai","Mumbai Suburban","Mumbai","Maharashtra","9.7","Garden Land","Temple Land","19.02073","72.82922","Acquired","Fully Paid","Handover Completed","In Progress","3"
"LP-0065-MH","PRJ-013","445/1A","Kodiveri","Mumbai Suburban","Mumbai","Maharashtra","9.7","Wetland","Wakf","19.02289","72.7494","Acquired","Fully Paid","Handover Completed","In Progress","5"
"LP-0066-MH","PRJ-013","261/3A","Devikapuram","Mumbai Suburban","Mumbai","Maharashtra","9.7","Wetland","Assigned","18.94526","72.73015","Acquired","Fully Paid","Handover Completed","In Progress","3"
"LP-0067-MH","PRJ-014","135/8A","Devikapuram","Mumbai Suburban","Mumbai","Maharashtra","15","Commercial","Government","19.13041","72.87403","Acquired","Fully Paid","Handover Completed","In Progress","5"
"LP-0068-MH","PRJ-014","146/1A","Kallidaikurichi","Mumbai Suburban","Mumbai","Maharashtra","15","Poramboke","Assigned","18.9335","73.0497","Acquired","Fully Paid","Handover Completed","In Progress","5"
"LP-0069-MH","PRJ-014","158/5A","Keeladi","Mumbai Suburban","Mumbai","Maharashtra","15","Dry Land","Wakf","18.93453","72.71128","Acquired","Fully Paid","Handover Completed","In Progress","2"
"LP-0070-MH","PRJ-014","596/2A","Therkku Poigainallur","Mumbai Suburban","Mumbai","Maharashtra","15","Residential","Assigned","19.10392","72.91098","Acquired","Fully Paid","Handover Completed","In Progress","1"
"LP-0071-MH","PRJ-014","83/3B","Keezhkattalai","Mumbai Suburban","Mumbai","Maharashtra","15","Wetland","Inam","19.2644","72.91867","Acquired","Fully Paid","Handover Completed","In Progress","3"
"LP-0072-MH","PRJ-014","62/2A","Thenkudi","Mumbai Suburban","Mumbai","Maharashtra","15","Residential","Assigned","19.20014","73.07231","Acquired","Fully Paid","Handover Completed","In Progress","3"
"LP-0073-TN","PRJ-015","338/3B","Kallidaikurichi","Guindy","Chennai","Tamil Nadu","12.42","Garden Land","Assigned","13.2057","80.16926","Pending","Not Started","Pending","Eligible","2"
"LP-0074-TN","PRJ-015","166/7B","Pazhaverkadu","Guindy","Chennai","Tamil Nadu","12.42","Commercial","Temple Land","13.02964","80.38475","Pending","Not Started","Pending","Eligible","4"
"LP-0075-TN","PRJ-015","102/5B","Vadakkukarai","Guindy","Chennai","Tamil Nadu","12.42","Commercial","Government","13.07398","80.24819","Proposed","Not Started","Pending","Eligible","1"
"LP-0076-TN","PRJ-015","269/8A","Kottur","Guindy","Chennai","Tamil Nadu","12.42","Poramboke","Temple Land","13.12493","80.31767","Proposed","Not Started","Pending","Eligible","4"
"LP-0077-KA","PRJ-016","236/1A","Kodiveri","Bengaluru South","Bengaluru","Karnataka","12.53","Garden Land","Temple Land","12.85698","77.50698","Disputed","Not Started","Pending","Eligible","3"
"LP-0078-KA","PRJ-016","176/5A","Manamadurai","Bengaluru South","Bengaluru","Karnataka","12.53","Dry Land","Assigned","12.93857","77.41249","Notified","Assessed","Pending","Eligible","4"
"LP-0079-KA","PRJ-016","125/2A","Manamadurai","Bengaluru South","Bengaluru","Karnataka","12.53","Dry Land","Private Patta","13.16071","77.42514","Proposed","Not Started","Pending","Eligible","2"
"LP-0080-MH","PRJ-017","79/1B","Manamadurai","Haveli","Pune","Maharashtra","18.3","Commercial","Government","18.3238","73.78259","Notified","Assessed","Pending","Eligible","3"
"LP-0081-MH","PRJ-017","454/6A","Kottur","Haveli","Pune","Maharashtra","18.3","Garden Land","Wakf","18.63168","73.7442","Proposed","Not Started","Pending","Eligible","3"
"LP-0082-MH","PRJ-017","341/1A","Pazhaverkadu","Haveli","Pune","Maharashtra","18.3","Garden Land","Temple Land","18.58827","73.97328","Pending","Not Started","Pending","Eligible","2"
"LP-0083-MH","PRJ-017","384/5B","Pazhaverkadu","Haveli","Pune","Maharashtra","18.3","Dry Land","Temple Land","18.44944","73.74951","Proposed","Not Started","Pending","Eligible","1"
"LP-0084-MH","PRJ-017","165/1A","Devikapuram","Haveli","Pune","Maharashtra","18.3","Dry Land","Government","18.45442","73.75218","Notified","Assessed","Pending","Eligible","5"
"LP-0085-MH","PRJ-018","497/8B","Nallur","Mumbai Suburban","Mumbai","Maharashtra","8.61","Poramboke","Private Patta","19.27061","72.73155","Notified","Assessed","Pending","Eligible","5"
"LP-0086-MH","PRJ-018","298/5B","Melmaruvathur","Mumbai Suburban","Mumbai","Maharashtra","8.61","Commercial","Temple Land","19.16509","73.04011","Notified","Assessed","Pending","Eligible","3"
"LP-0087-MH","PRJ-018","120/3A","Kodiveri","Mumbai Suburban","Mumbai","Maharashtra","8.61","Wetland","Private Patta","19.01918","72.77612","Notified","Assessed","Pending","Eligible","4"
"LP-0088-MH","PRJ-018","565/2B","Kodiveri","Mumbai Suburban","Mumbai","Maharashtra","8.61","Wetland","Temple Land","19.22878","72.79803","Pending","Not Started","Pending","Eligible","5"
"LP-0089-MH","PRJ-018","335/7B","Keezhkattalai","Mumbai Suburban","Mumbai","Maharashtra","8.61","Poramboke","Temple Land","19.20452","72.99648","Proposed","Not Started","Pending","Eligible","5"
"LP-0090-MH","PRJ-018","71/3A","Kottur","Mumbai Suburban","Mumbai","Maharashtra","8.61","Commercial","Temple Land","19.21106","72.73107","Proposed","Not Started","Pending","Eligible","4"
"LP-0091-MH","PRJ-018","416/6A","Kallidaikurichi","Mumbai Suburban","Mumbai","Maharashtra","8.61","Wetland","Government","19.15571","72.72594","Proposed","Not Started","Pending","Eligible","1"
"LP-0092-UP","PRJ-019","368/5A","Kodiveri","Sarojini Nagar","Lucknow","Uttar Pradesh","19.9","Wetland","Assigned","26.96262","81.09976","Disputed","Not Started","Pending","Eligible","4"
"LP-0093-UP","PRJ-019","131/2B","Kodiveri","Sarojini Nagar","Lucknow","Uttar Pradesh","19.9","Poramboke","Assigned","26.93533","80.86251","Acquired","Fully Paid","Handover Completed","In Progress","1"
"LP-0094-UP","PRJ-019","559/7A","Nallur","Sarojini Nagar","Lucknow","Uttar Pradesh","19.9","Wetland","Temple Land","26.8061","81.13601","Acquired","Fully Paid","Handover Completed","In Progress","5"
"LP-0095-UP","PRJ-019","51/4A","Vadakkukarai","Sarojini Nagar","Lucknow","Uttar Pradesh","19.9","Garden Land","Private Patta","26.76209","80.78831","Acquired","Fully Paid","Handover Completed","In Progress","4"
"LP-0096-UP","PRJ-019","280/3B","Pazhaverkadu","Sarojini Nagar","Lucknow","Uttar Pradesh","19.9","Poramboke","Temple Land","26.83388","81.03482","Notified","Assessed","Pending","Eligible","4"
"LP-0097-KA","PRJ-020","187/3A","Nallur","Bengaluru South","Bengaluru","Karnataka","12.28","Commercial","Wakf","12.99725","77.5282","Disputed","Not Started","Pending","Eligible","5"
"LP-0098-KA","PRJ-020","303/6A","Alampatti","Bengaluru South","Bengaluru","Karnataka","12.28","Poramboke","Private Patta","12.96906","77.4348","Notified","Assessed","Pending","Eligible","2"
"LP-0099-KA","PRJ-020","365/5B","Manamadurai","Bengaluru South","Bengaluru","Karnataka","12.28","Garden Land","Temple Land","12.93929","77.6484","Pending","Not Started","Pending","Eligible","5"
"LP-0100-KA","PRJ-020","20/2B","Thenkudi","Bengaluru South","Bengaluru","Karnataka","12.28","Dry Land","Assigned","12.81098","77.57899","Pending","Not Started","Pending","Eligible","3"
"LP-0101-TN","PRJ-021","64/1A","Kodiveri","Coimbatore North","Coimbatore","Tamil Nadu","5.85","Commercial","Temple Land","10.83096","76.84874","Acquired","Fully Paid","Handover Completed","In Progress","3"
"LP-0102-TN","PRJ-021","264/6B","Vadakkukarai","Coimbatore North","Coimbatore","Tamil Nadu","5.85","Commercial","Private Patta","10.89474","76.75795","Acquired","Fully Paid","Handover Completed","In Progress","3"
"LP-0103-TN","PRJ-021","575/7A","Thenkudi","Coimbatore North","Coimbatore","Tamil Nadu","5.85","Commercial","Wakf","10.88997","77.09477","Acquired","Fully Paid","Handover Completed","In Progress","5"
"LP-0104-TN","PRJ-021","102/1A","Kodiveri","Coimbatore North","Coimbatore","Tamil Nadu","5.85","Dry Land","Wakf","11.11293","77.05759","Acquired","Fully Paid","Handover Completed","In Progress","5"
"LP-0105-UP","PRJ-022","190/8A","Thenkudi","Sarojini Nagar","Lucknow","Uttar Pradesh","9.8","Dry Land","Wakf","26.66454","81.12598","Acquired","Fully Paid","Handover Completed","In Progress","5"
"LP-0106-UP","PRJ-022","511/8B","Manamadurai","Sarojini Nagar","Lucknow","Uttar Pradesh","9.8","Residential","Inam","27.02402","80.97249","Acquired","Fully Paid","Handover Completed","In Progress","1"
"LP-0107-UP","PRJ-022","410/2A","Sulthanpet","Sarojini Nagar","Lucknow","Uttar Pradesh","9.8","Poramboke","Assigned","27.01139","81.12995","Acquired","Fully Paid","Handover Completed","In Progress","1"
"LP-0108-UP","PRJ-023","365/7B","Keeladi","Sarojini Nagar","Lucknow","Uttar Pradesh","12.5","Dry Land","Temple Land","26.70405","80.90556","Acquired","Fully Paid","Handover Completed","In Progress","5"
"LP-0109-UP","PRJ-023","567/6A","Alampatti","Sarojini Nagar","Lucknow","Uttar Pradesh","12.5","Wetland","Inam","27.00024","80.8473","Notified","Assessed","Pending","Eligible","5"
"LP-0110-UP","PRJ-023","499/3B","Keeladi","Sarojini Nagar","Lucknow","Uttar Pradesh","12.5","Residential","Temple Land","26.83688","80.74955","Acquired","Fully Paid","Handover Completed","In Progress","5"
"LP-0111-UP","PRJ-023","112/7B","Sulthanpet","Sarojini Nagar","Lucknow","Uttar Pradesh","12.5","Commercial","Inam","26.91154","80.90808","Acquired","Fully Paid","Handover Completed","In Progress","3"
"LP-0112-TN","PRJ-024","154/7A","Thenkudi","Coimbatore North","Coimbatore","Tamil Nadu","12.32","Dry Land","Temple Land","11.08767","76.9646","Acquired","Fully Paid","Handover Completed","In Progress","3"
"LP-0113-TN","PRJ-024","139/5A","Melmaruvathur","Coimbatore North","Coimbatore","Tamil Nadu","12.32","Residential","Wakf","11.20553","77.06504","Notified","Assessed","Pending","Eligible","1"
"LP-0114-TN","PRJ-024","282/1B","Pazhaverkadu","Coimbatore North","Coimbatore","Tamil Nadu","12.32","Garden Land","Private Patta","11.00814","76.91558","Acquired","Fully Paid","Handover Completed","In Progress","5"
"LP-0115-TN","PRJ-024","414/3B","Nallur","Coimbatore North","Coimbatore","Tamil Nadu","12.32","Garden Land","Wakf","10.89245","77.05281","Acquired","Fully Paid","Handover Completed","In Progress","5"
"LP-0116-TN","PRJ-024","378/1B","Vadakkukarai","Coimbatore North","Coimbatore","Tamil Nadu","12.32","Poramboke","Private Patta","11.04479","77.03627","Notified","Assessed","Pending","Eligible","4"
"LP-0117-TN","PRJ-024","500/4B","Nallur","Coimbatore North","Coimbatore","Tamil Nadu","12.32","Commercial","Government","11.15995","76.76292","Notified","Assessed","Pending","Eligible","5"
"LP-0118-KA","PRJ-025","475/5B","Keezhkattalai","Bengaluru South","Bengaluru","Karnataka","4.4","Dry Land","Temple Land","13.07592","77.54848","Acquired","Fully Paid","Handover Completed","In Progress","3"
"LP-0119-KA","PRJ-025","64/7B","Kodiveri","Bengaluru South","Bengaluru","Karnataka","4.4","Garden Land","Temple Land","13.14236","77.61815","Acquired","Fully Paid","Handover Completed","In Progress","2"
"LP-0120-KA","PRJ-025","359/6B","Sulthanpet","Bengaluru South","Bengaluru","Karnataka","4.4","Poramboke","Government","13.08258","77.48502","Acquired","Fully Paid","Handover Completed","In Progress","4"
"LP-0121-TN","PRJ-026","347/8A","Vadakkukarai","Coimbatore North","Coimbatore","Tamil Nadu","15.74","Commercial","Assigned","11.20603","76.90326","Notified","Assessed","Pending","Eligible","1"
"LP-0122-TN","PRJ-026","286/4A","Alampatti","Coimbatore North","Coimbatore","Tamil Nadu","15.74","Commercial","Temple Land","11.04459","76.83307","Pending","Not Started","Pending","Eligible","2"
"LP-0123-TN","PRJ-026","229/1B","Thenkudi","Coimbatore North","Coimbatore","Tamil Nadu","15.74","Residential","Private Patta","11.09999","77.05149","Notified","Assessed","Pending","Eligible","2"
"LP-0124-TN","PRJ-026","487/4A","Kottur","Coimbatore North","Coimbatore","Tamil Nadu","15.74","Commercial","Government","11.12984","77.07932","Notified","Assessed","Pending","Eligible","2"
"LP-0125-TN","PRJ-026","145/1B","Kallidaikurichi","Coimbatore North","Coimbatore","Tamil Nadu","15.74","Wetland","Government","11.08791","77.08238","Notified","Assessed","Pending","Eligible","1"
"LP-0126-TN","PRJ-027","430/5B","Alampatti","Guindy","Chennai","Tamil Nadu","13.98","Residential","Private Patta","13.02867","80.40279","Acquired","Fully Paid","Handover Completed","Completed","4"
"LP-0127-TN","PRJ-027","172/4A","Kallidaikurichi","Guindy","Chennai","Tamil Nadu","13.98","Commercial","Temple Land","12.88787","80.10119","Acquired","Fully Paid","Handover Completed","Completed","5"
"LP-0128-TN","PRJ-027","282/2A","Devikapuram","Guindy","Chennai","Tamil Nadu","13.98","Poramboke","Private Patta","13.12554","80.23047","Acquired","Fully Paid","Handover Completed","Completed","3"
"LP-0129-TN","PRJ-027","227/8B","Kallidaikurichi","Guindy","Chennai","Tamil Nadu","13.98","Garden Land","Private Patta","13.09147","80.24988","Acquired","Fully Paid","Handover Completed","Completed","3"
"LP-0130-UP","PRJ-028","345/4B","Therkku Poigainallur","Sarojini Nagar","Lucknow","Uttar Pradesh","19.64","Residential","Government","26.90576","80.87073","Acquired","Fully Paid","Handover Completed","Completed","3"
"LP-0131-UP","PRJ-028","254/2A","Sulthanpet","Sarojini Nagar","Lucknow","Uttar Pradesh","19.64","Garden Land","Inam","26.68079","80.91632","Acquired","Fully Paid","Handover Completed","Completed","2"
"LP-0132-UP","PRJ-028","508/2A","Kodiveri","Sarojini Nagar","Lucknow","Uttar Pradesh","19.64","Dry Land","Inam","26.95593","80.95047","Acquired","Fully Paid","Handover Completed","Completed","4"
"LP-0133-UP","PRJ-028","311/3B","Nallur","Sarojini Nagar","Lucknow","Uttar Pradesh","19.64","Residential","Inam","26.95923","80.82488","Acquired","Fully Paid","Handover Completed","Completed","3"
"LP-0134-UP","PRJ-028","526/5A","Sulthanpet","Sarojini Nagar","Lucknow","Uttar Pradesh","19.64","Dry Land","Wakf","26.82841","80.9739","Acquired","Fully Paid","Handover Completed","Completed","2"
"LP-0135-GJ","PRJ-029","51/5A","Kallidaikurichi","Chorasi","Surat","Gujarat","18.97","Wetland","Assigned","21.02289","72.76497","Acquired","Fully Paid","Handover Completed","Completed","4"
"LP-0136-GJ","PRJ-029","93/8B","Keezhkattalai","Chorasi","Surat","Gujarat","18.97","Commercial","Inam","21.341","72.93327","Acquired","Fully Paid","Handover Completed","Completed","1"
"LP-0137-GJ","PRJ-029","376/3A","Melmaruvathur","Chorasi","Surat","Gujarat","18.97","Wetland","Temple Land","21.18503","72.76312","Acquired","Fully Paid","Handover Completed","Completed","4"
"LP-0138-GJ","PRJ-030","60/1A","Therkku Poigainallur","Chorasi","Surat","Gujarat","11.85","Commercial","Temple Land","21.05218","72.97747","Notified","Assessed","Pending","Eligible","3"
"LP-0139-GJ","PRJ-030","287/3A","Kodiveri","Chorasi","Surat","Gujarat","11.85","Garden Land","Wakf","21.25041","73.0202","Notified","Assessed","Pending","Eligible","4"
"LP-0140-GJ","PRJ-030","18/8B","Melmaruvathur","Chorasi","Surat","Gujarat","11.85","Wetland","Inam","21.3413","73.0104","Proposed","Not Started","Pending","Eligible","4"
"LP-0141-GJ","PRJ-030","184/4B","Nallur","Chorasi","Surat","Gujarat","11.85","Wetland","Inam","21.09497","72.69766","Pending","Not Started","Pending","Eligible","4"
"LP-0142-MH","PRJ-031","483/5B","Sulthanpet","Haveli","Pune","Maharashtra","3.02","Commercial","Private Patta","18.70189","73.70905","Notified","Assessed","Pending","Eligible","1"
"LP-0143-MH","PRJ-031","304/8B","Keeladi","Haveli","Pune","Maharashtra","3.02","Commercial","Inam","18.6224","73.76408","Acquired","Fully Paid","Handover Completed","In Progress","4"
"LP-0144-MH","PRJ-031","250/3B","Pazhaverkadu","Haveli","Pune","Maharashtra","3.02","Wetland","Assigned","18.68157","73.79907","Acquired","Fully Paid","Handover Completed","In Progress","5"
"LP-0145-MH","PRJ-031","216/8A","Nallur","Haveli","Pune","Maharashtra","3.02","Dry Land","Temple Land","18.36055","74.04087","Acquired","Fully Paid","Handover Completed","In Progress","2"
"LP-0146-MH","PRJ-032","102/7A","Pazhaverkadu","Mumbai Suburban","Mumbai","Maharashtra","16.98","Dry Land","Government","19.02795","72.87544","Notified","Assessed","Pending","Eligible","2"
"LP-0147-MH","PRJ-032","565/1B","Therkku Poigainallur","Mumbai Suburban","Mumbai","Maharashtra","16.98","Residential","Private Patta","18.98019","72.86091","Proposed","Not Started","Pending","Eligible","1"
"LP-0148-MH","PRJ-032","206/5B","Kodiveri","Mumbai Suburban","Mumbai","Maharashtra","16.98","Dry Land","Inam","18.94024","73.00354","Pending","Not Started","Pending","Eligible","1"
"LP-0149-MH","PRJ-032","207/4B","Keeladi","Mumbai Suburban","Mumbai","Maharashtra","16.98","Wetland","Inam","18.97474","72.9684","Proposed","Not Started","Pending","Eligible","2"
"LP-0150-MH","PRJ-032","92/3B","Alampatti","Mumbai Suburban","Mumbai","Maharashtra","16.98","Poramboke","Inam","18.9916","72.96341","Proposed","Not Started","Pending","Eligible","1"
"LP-0151-TN","PRJ-033","136/2B","Nallur","Coimbatore North","Coimbatore","Tamil Nadu","15.38","Commercial","Government","11.06875","77.00835","Notified","Assessed","Pending","Eligible","1"
"LP-0152-TN","PRJ-033","477/4B","Keeladi","Coimbatore North","Coimbatore","Tamil Nadu","15.38","Poramboke","Assigned","11.15253","76.80382","Proposed","Not Started","Pending","Eligible","5"
"LP-0153-TN","PRJ-033","145/8A","Devikapuram","Coimbatore North","Coimbatore","Tamil Nadu","15.38","Residential","Inam","10.82716","76.97192","Pending","Not Started","Pending","Eligible","1"
"LP-0154-TN","PRJ-033","174/6A","Kallidaikurichi","Coimbatore North","Coimbatore","Tamil Nadu","15.38","Poramboke","Private Patta","11.17301","77.13074","Pending","Not Started","Pending","Eligible","3"
"LP-0155-TN","PRJ-033","577/6A","Melmaruvathur","Coimbatore North","Coimbatore","Tamil Nadu","15.38","Poramboke","Private Patta","11.03968","76.80227","Proposed","Not Started","Pending","Eligible","5"
"LP-0156-TN","PRJ-034","557/1A","Manamadurai","Coimbatore North","Coimbatore","Tamil Nadu","4.57","Wetland","Private Patta","11.06696","76.98548","Acquired","Fully Paid","Handover Completed","In Progress","4"
"LP-0157-TN","PRJ-034","209/4B","Kottur","Coimbatore North","Coimbatore","Tamil Nadu","4.57","Wetland","Assigned","11.13042","76.84615","Acquired","Fully Paid","Handover Completed","In Progress","4"
"LP-0158-TN","PRJ-034","485/3B","Thenkudi","Coimbatore North","Coimbatore","Tamil Nadu","4.57","Poramboke","Private Patta","11.15989","77.06255","Acquired","Fully Paid","Handover Completed","In Progress","3"
"LP-0159-MH","PRJ-035","485/2B","Keeladi","Haveli","Pune","Maharashtra","8.22","Dry Land","Temple Land","18.60143","73.83829","Disputed","Not Started","Pending","Eligible","3"
"LP-0160-MH","PRJ-035","134/5B","Kottur","Haveli","Pune","Maharashtra","8.22","Commercial","Inam","18.52785","73.77991","Acquired","Fully Paid","Handover Completed","In Progress","2"
"LP-0161-MH","PRJ-035","334/3A","Kallidaikurichi","Haveli","Pune","Maharashtra","8.22","Garden Land","Private Patta","18.4264","73.95098","Notified","Assessed","Pending","Eligible","5"
"LP-0162-MH","PRJ-035","323/1A","Manamadurai","Haveli","Pune","Maharashtra","8.22","Wetland","Inam","18.48227","74.01647","Acquired","Fully Paid","Handover Completed","In Progress","3"
"LP-0163-MH","PRJ-036","573/3B","Pazhaverkadu","Haveli","Pune","Maharashtra","15.47","Garden Land","Inam","18.67806","73.85176","Notified","Assessed","Pending","Eligible","1"
"LP-0164-MH","PRJ-036","218/4B","Melmaruvathur","Haveli","Pune","Maharashtra","15.47","Residential","Wakf","18.40341","73.92931","Acquired","Fully Paid","Handover Completed","In Progress","4"
"LP-0165-MH","PRJ-036","191/1A","Melmaruvathur","Haveli","Pune","Maharashtra","15.47","Wetland","Inam","18.48701","74.03893","Acquired","Fully Paid","Handover Completed","In Progress","3"
"LP-0166-MH","PRJ-037","429/5A","Pazhaverkadu","Haveli","Pune","Maharashtra","9.46","Poramboke","Assigned","18.38122","73.76344","Acquired","Fully Paid","Handover Completed","In Progress","5"
"LP-0167-MH","PRJ-037","310/5B","Nallur","Haveli","Pune","Maharashtra","9.46","Dry Land","Temple Land","18.40601","73.8585","Acquired","Fully Paid","Handover Completed","In Progress","2"
"LP-0168-MH","PRJ-037","410/2B","Kottur","Haveli","Pune","Maharashtra","9.46","Poramboke","Wakf","18.63194","73.75037","Acquired","Fully Paid","Handover Completed","In Progress","2"
"LP-0169-MH","PRJ-037","476/3A","Kodiveri","Haveli","Pune","Maharashtra","9.46","Garden Land","Private Patta","18.42327","73.958","Acquired","Fully Paid","Handover Completed","In Progress","1"
"LP-0170-MH","PRJ-037","60/8A","Kallidaikurichi","Haveli","Pune","Maharashtra","9.46","Residential","Temple Land","18.63379","73.8109","Acquired","Fully Paid","Handover Completed","In Progress","4"
"LP-0171-MH","PRJ-037","310/6A","Sulthanpet","Haveli","Pune","Maharashtra","9.46","Commercial","Temple Land","18.32593","73.74762","Acquired","Fully Paid","Handover Completed","In Progress","5"
"LP-0172-MH","PRJ-037","571/8B","Thenkudi","Haveli","Pune","Maharashtra","9.46","Poramboke","Government","18.42934","73.74792","Acquired","Fully Paid","Handover Completed","In Progress","2"
"LP-0173-UP","PRJ-038","262/5A","Thenkudi","Sarojini Nagar","Lucknow","Uttar Pradesh","17.9","Dry Land","Inam","26.74949","81.01316","Acquired","Fully Paid","Handover Completed","In Progress","4"
"LP-0174-UP","PRJ-038","51/3B","Manamadurai","Sarojini Nagar","Lucknow","Uttar Pradesh","17.9","Wetland","Assigned","26.99788","81.11058","Acquired","Fully Paid","Handover Completed","In Progress","1"
"LP-0175-UP","PRJ-038","283/6A","Kottur","Sarojini Nagar","Lucknow","Uttar Pradesh","17.9","Dry Land","Wakf","26.99987","80.93787","Notified","Assessed","Pending","Eligible","5"
"LP-0176-TN","PRJ-039","562/3A","Alampatti","Guindy","Chennai","Tamil Nadu","12.5","Poramboke","Private Patta","13.27752","80.17092","Acquired","Fully Paid","Handover Completed","Completed","2"
"LP-0177-TN","PRJ-039","229/5A","Vadakkukarai","Guindy","Chennai","Tamil Nadu","12.5","Commercial","Private Patta","13.13359","80.26842","Acquired","Fully Paid","Handover Completed","Completed","2"
"LP-0178-TN","PRJ-039","250/8B","Melmaruvathur","Guindy","Chennai","Tamil Nadu","12.5","Wetland","Assigned","13.07016","80.24204","Acquired","Fully Paid","Handover Completed","Completed","2"
"LP-0179-TN","PRJ-039","502/8B","Melmaruvathur","Guindy","Chennai","Tamil Nadu","12.5","Commercial","Wakf","12.8942","80.16402","Acquired","Fully Paid","Handover Completed","Completed","2"
"LP-0180-TN","PRJ-039","495/6A","Devikapuram","Guindy","Chennai","Tamil Nadu","12.5","Residential","Wakf","13.28149","80.09003","Acquired","Fully Paid","Handover Completed","Completed","4"
"LP-0181-TN","PRJ-039","500/6A","Melmaruvathur","Guindy","Chennai","Tamil Nadu","12.5","Poramboke","Assigned","13.24304","80.10959","Acquired","Fully Paid","Handover Completed","Completed","4"
"LP-0182-TN","PRJ-039","597/8A","Keeladi","Guindy","Chennai","Tamil Nadu","12.5","Wetland","Private Patta","13.16638","80.13138","Acquired","Fully Paid","Handover Completed","Completed","2"
"LP-0183-TN","PRJ-040","139/7A","Vadakkukarai","Coimbatore North","Coimbatore","Tamil Nadu","9.55","Garden Land","Temple Land","10.96922","76.88713","Pending","Not Started","Pending","Eligible","3"
"LP-0184-TN","PRJ-040","341/2B","Keeladi","Coimbatore North","Coimbatore","Tamil Nadu","9.55","Residential","Private Patta","10.98073","77.12661","Pending","Not Started","Pending","Eligible","4"
"LP-0185-TN","PRJ-040","56/5A","Kodiveri","Coimbatore North","Coimbatore","Tamil Nadu","9.55","Commercial","Temple Land","11.20619","76.75967","Proposed","Not Started","Pending","Eligible","1"
"LP-0186-TN","PRJ-040","348/3B","Thenkudi","Coimbatore North","Coimbatore","Tamil Nadu","9.55","Garden Land","Inam","11.02156","76.83033","Proposed","Not Started","Pending","Eligible","1"
"LP-0187-UP","PRJ-041","562/8B","Vadakkukarai","Sarojini Nagar","Lucknow","Uttar Pradesh","4.2","Commercial","Private Patta","26.72714","80.81715","Notified","Assessed","Pending","Eligible","3"
"LP-0188-UP","PRJ-041","318/3B","Keezhkattalai","Sarojini Nagar","Lucknow","Uttar Pradesh","4.2","Commercial","Assigned","26.87898","81.02031","Notified","Assessed","Pending","Eligible","2"
"LP-0189-UP","PRJ-041","116/5A","Pazhaverkadu","Sarojini Nagar","Lucknow","Uttar Pradesh","4.2","Dry Land","Inam","27.02878","81.04551","Acquired","Fully Paid","Handover Completed","In Progress","2"
"LP-0190-MH","PRJ-042","124/7B","Thenkudi","Haveli","Pune","Maharashtra","8.12","Garden Land","Private Patta","18.7199","73.72942","Acquired","Fully Paid","Handover Completed","In Progress","4"
"LP-0191-MH","PRJ-042","226/5B","Kallidaikurichi","Haveli","Pune","Maharashtra","8.12","Commercial","Inam","18.41125","73.97043","Acquired","Fully Paid","Handover Completed","In Progress","5"
"LP-0192-MH","PRJ-042","463/8B","Pazhaverkadu","Haveli","Pune","Maharashtra","8.12","Commercial","Temple Land","18.68847","74.05465","Notified","Assessed","Pending","Eligible","3"
"LP-0193-MH","PRJ-042","131/5B","Keeladi","Haveli","Pune","Maharashtra","8.12","Commercial","Inam","18.62541","73.66003","Notified","Assessed","Pending","Eligible","2"
"LP-0194-TN","PRJ-043","173/4B","Melmaruvathur","Coimbatore North","Coimbatore","Tamil Nadu","12.53","Garden Land","Temple Land","10.90664","76.92276","Acquired","Fully Paid","Handover Completed","Completed","4"
"LP-0195-TN","PRJ-043","417/4A","Sulthanpet","Coimbatore North","Coimbatore","Tamil Nadu","12.53","Poramboke","Government","11.21063","76.95005","Acquired","Fully Paid","Handover Completed","Completed","3"
"LP-0196-TN","PRJ-043","206/6B","Manamadurai","Coimbatore North","Coimbatore","Tamil Nadu","12.53","Poramboke","Assigned","11.1412","76.80449","Acquired","Fully Paid","Handover Completed","Completed","2"
"LP-0197-UP","PRJ-044","140/5A","Kodiveri","Sarojini Nagar","Lucknow","Uttar Pradesh","14.95","Garden Land","Inam","26.95356","80.79351","Acquired","Fully Paid","Handover Completed","In Progress","5"
"LP-0198-UP","PRJ-044","267/2A","Kottur","Sarojini Nagar","Lucknow","Uttar Pradesh","14.95","Garden Land","Temple Land","26.74504","81.12412","Acquired","Fully Paid","Handover Completed","In Progress","1"
"LP-0199-UP","PRJ-044","229/3A","Sulthanpet","Sarojini Nagar","Lucknow","Uttar Pradesh","14.95","Garden Land","Assigned","27.01412","80.7762","Acquired","Fully Paid","Handover Completed","In Progress","2"
"LP-0200-UP","PRJ-044","195/8B","Vadakkukarai","Sarojini Nagar","Lucknow","Uttar Pradesh","14.95","Poramboke","Government","26.94382","81.05294","Notified","Assessed","Pending","Eligible","5"
"LP-0201-UP","PRJ-044","103/3A","Keezhkattalai","Sarojini Nagar","Lucknow","Uttar Pradesh","14.95","Dry Land","Private Patta","27.00804","80.98938","Acquired","Fully Paid","Handover Completed","In Progress","2"
"LP-0202-UP","PRJ-044","467/1A","Nallur","Sarojini Nagar","Lucknow","Uttar Pradesh","14.95","Residential","Wakf","26.85969","81.07161","Acquired","Fully Paid","Handover Completed","In Progress","1"
"LP-0203-TN","PRJ-045","53/1A","Devikapuram","Guindy","Chennai","Tamil Nadu","14.16","Poramboke","Temple Land","13.05552","80.41411","Disputed","Not Started","Pending","Eligible","5"
"LP-0204-TN","PRJ-045","500/7B","Pazhaverkadu","Guindy","Chennai","Tamil Nadu","14.16","Poramboke","Inam","13.09606","80.22938","Notified","Assessed","Pending","Eligible","2"
"LP-0205-TN","PRJ-045","519/6A","Kallidaikurichi","Guindy","Chennai","Tamil Nadu","14.16","Poramboke","Private Patta","13.13709","80.3143","Pending","Not Started","Pending","Eligible","4"
"LP-0206-TN","PRJ-045","546/7A","Kottur","Guindy","Chennai","Tamil Nadu","14.16","Dry Land","Assigned","13.13518","80.36688","Pending","Not Started","Pending","Eligible","2"
"LP-0207-TN","PRJ-045","303/7A","Pazhaverkadu","Guindy","Chennai","Tamil Nadu","14.16","Poramboke","Assigned","13.08066","80.44671","Notified","Assessed","Pending","Eligible","1"
"LP-0208-UP","PRJ-046","428/2A","Sulthanpet","Sarojini Nagar","Lucknow","Uttar Pradesh","9.57","Residential","Temple Land","26.78958","80.87734","Acquired","Fully Paid","Handover Completed","Completed","5"
"LP-0209-UP","PRJ-046","418/1A","Melmaruvathur","Sarojini Nagar","Lucknow","Uttar Pradesh","9.57","Dry Land","Government","26.94446","80.97683","Acquired","Fully Paid","Handover Completed","Completed","2"
"LP-0210-UP","PRJ-046","570/4A","Keeladi","Sarojini Nagar","Lucknow","Uttar Pradesh","9.57","Residential","Temple Land","26.70708","80.95371","Acquired","Fully Paid","Handover Completed","Completed","5"
"LP-0211-UP","PRJ-046","398/5A","Nallur","Sarojini Nagar","Lucknow","Uttar Pradesh","9.57","Residential","Temple Land","27.01329","81.14071","Acquired","Fully Paid","Handover Completed","Completed","2"
"LP-0212-TN","PRJ-047","340/4A","Devikapuram","Guindy","Chennai","Tamil Nadu","19.56","Commercial","Temple Land","13.00728","80.36819","Acquired","Fully Paid","Handover Completed","In Progress","2"
"LP-0213-TN","PRJ-047","70/6B","Devikapuram","Guindy","Chennai","Tamil Nadu","19.56","Commercial","Government","13.04441","80.3771","Notified","Assessed","Pending","Eligible","5"
"LP-0214-TN","PRJ-047","198/8A","Manamadurai","Guindy","Chennai","Tamil Nadu","19.56","Commercial","Temple Land","13.25758","80.19544","Notified","Assessed","Pending","Eligible","1"
"LP-0215-TN","PRJ-047","360/2B","Kottur","Guindy","Chennai","Tamil Nadu","19.56","Residential","Wakf","13.06778","80.37895","Acquired","Fully Paid","Handover Completed","In Progress","3"
"LP-0216-TN","PRJ-047","238/1B","Melmaruvathur","Guindy","Chennai","Tamil Nadu","19.56","Dry Land","Wakf","13.02572","80.28552","Acquired","Fully Paid","Handover Completed","In Progress","1"
"LP-0217-MH","PRJ-048","409/2B","Manamadurai","Haveli","Pune","Maharashtra","19.33","Residential","Inam","18.52515","73.95336","Proposed","Not Started","Pending","Eligible","5"
"LP-0218-MH","PRJ-048","198/7B","Sulthanpet","Haveli","Pune","Maharashtra","19.33","Dry Land","Government","18.42537","73.73004","Notified","Assessed","Pending","Eligible","5"
"LP-0219-MH","PRJ-048","474/6A","Keeladi","Haveli","Pune","Maharashtra","19.33","Commercial","Wakf","18.34834","73.95508","Pending","Not Started","Pending","Eligible","2"
"LP-0220-TN","PRJ-049","272/3A","Thenkudi","Guindy","Chennai","Tamil Nadu","13.8","Garden Land","Government","12.99339","80.40895","Disputed","Not Started","Pending","Eligible","3"
"LP-0221-TN","PRJ-049","520/3A","Keezhkattalai","Guindy","Chennai","Tamil Nadu","13.8","Dry Land","Assigned","12.93085","80.26975","Notified","Assessed","Pending","Eligible","4"
"LP-0222-TN","PRJ-049","414/4B","Kottur","Guindy","Chennai","Tamil Nadu","13.8","Commercial","Wakf","12.96464","80.31764","Notified","Assessed","Pending","Eligible","2"
"LP-0223-TN","PRJ-049","451/6A","Therkku Poigainallur","Guindy","Chennai","Tamil Nadu","13.8","Garden Land","Government","13.09864","80.31776","Acquired","Fully Paid","Handover Completed","In Progress","5"
"LP-0224-TN","PRJ-050","568/2A","Pazhaverkadu","Coimbatore North","Coimbatore","Tamil Nadu","15.47","Garden Land","Assigned","10.99768","76.88809","Acquired","Fully Paid","Handover Completed","In Progress","4"
"LP-0225-TN","PRJ-050","426/5A","Nallur","Coimbatore North","Coimbatore","Tamil Nadu","15.47","Poramboke","Wakf","11.05904","77.07231","Acquired","Fully Paid","Handover Completed","In Progress","5"
"LP-0226-TN","PRJ-050","515/6B","Keezhkattalai","Coimbatore North","Coimbatore","Tamil Nadu","15.47","Wetland","Government","10.91599","76.94058","Acquired","Fully Paid","Handover Completed","In Progress","1"
"LP-0227-TN","PRJ-050","210/7A","Alampatti","Coimbatore North","Coimbatore","Tamil Nadu","15.47","Dry Land","Government","10.968","77.05491","Acquired","Fully Paid","Handover Completed","In Progress","2"
"LP-0228-TN","PRJ-050","20/5A","Keezhkattalai","Coimbatore North","Coimbatore","Tamil Nadu","15.47","Residential","Inam","10.84899","76.98723","Acquired","Fully Paid","Handover Completed","In Progress","3"
"LP-0229-TN","PRJ-050","157/8A","Nallur","Coimbatore North","Coimbatore","Tamil Nadu","15.47","Poramboke","Government","10.92787","76.85276","Acquired","Fully Paid","Handover Completed","In Progress","2"
