"id","projectId","stage","plannedDate","actualDate","authority","status","delayDays","remarks"
"MS-00001","PRJ-001","Proposal","2025-05-25","2025-10-15","PWD Agency","Completed","0","Scheduled as per project implementation plan."
"MS-00002","PRJ-001","Scrutiny","2025-05-25","2025-10-15","District Authority","Completed","0","Scheduled as per project implementation plan."
"MS-00003","PRJ-001","Approval","2025-05-25","2025-10-15","State Government","Completed","0","Scheduled as per project implementation plan."
"MS-00004","PRJ-001","Notification","2025-05-25","2025-10-15","Central Ministry","Completed","0","Scheduled as per project implementation plan."
"MS-00005","PRJ-001","Award","2025-05-25","2025-10-15","Land Acquisition Officer","Completed","0","Scheduled as per project implementation plan."
"MS-00006","PRJ-001","Compensation","2025-05-25","2025-10-15","R&R Officer","Completed","0","Scheduled as per project implementation plan."
"MS-00007","PRJ-001","Possession","2025-05-25","2025-10-15","R&R Officer","Completed","0","Scheduled as per project implementation plan."
"MS-00008","PRJ-001","R&R","2025-05-25","2025-10-15","R&R Officer","Completed","0","Scheduled as per project implementation plan."
"MS-00009","PRJ-001","Completion","2025-05-25","2025-10-15","R&R Officer","Completed","0","Scheduled as per project implementation plan."
"MS-00010","PRJ-002","Proposal","2025-04-30","2025-10-15","PWD Agency","Completed","0","Scheduled as per project implementation plan."
"MS-00011","PRJ-002","Scrutiny","2025-04-30","2025-10-15","District Authority","Completed","0","Scheduled as per project implementation plan."
"MS-00012","PRJ-002","Approval","2025-04-30","2025-10-15","State Government","Completed","0","Scheduled as per project implementation plan."
"MS-00013","PRJ-002","Notification","2025-04-30","2025-10-15","Central Ministry","Completed","0","Scheduled as per project implementation plan."
"MS-00014","PRJ-002","Award","2025-04-30","2025-10-15","Land Acquisition Officer","Completed","0","Scheduled as per project implementation plan."
"MS-00015","PRJ-002","Compensation","2025-04-30","2025-10-15","R&R Officer","Completed","0","Scheduled as per project implementation plan."
"MS-00016","PRJ-002","Possession","2025-04-30","2025-10-15","R&R Officer","Completed","0","Scheduled as per project implementation plan."
"MS-00017","PRJ-002","R&R","2025-04-30",,"R&R Officer","In Progress","0","Active statutory stage."
"MS-00018","PRJ-002","Completion","2025-04-30",,"R&R Officer","Pending","0","Scheduled as per project implementation plan."
"MS-00019","PRJ-003","Proposal","2025-11-15","2025-10-15","PWD Agency","Completed","0","Scheduled as per project implementation plan."
"MS-00020","PRJ-003","Scrutiny","2025-11-15","2025-10-15","District Authority","Delayed","26","Delayed by 26 days during inter-departmental verification."
"MS-00021","PRJ-003","Approval","2025-11-15","2025-10-15","State Government","Completed","0","Scheduled as per project implementation plan."
"MS-00022","PRJ-003","Notification","2025-11-15","2025-10-15","Central Ministry","Completed","0","Scheduled as per project implementation plan."
"MS-00023","PRJ-003","Award","2025-11-15","2025-10-15","Land Acquisition Officer","Completed","0","Scheduled as per project implementation plan."
"MS-00024","PRJ-003","Compensation","2025-11-15",,"R&R Officer","In Progress","0","Active statutory stage."
"MS-00025","PRJ-003","Possession","2025-11-15",,"R&R Officer","Pending","0","Scheduled as per project implementation plan."
"MS-00026","PRJ-003","R&R","2025-11-15",,"R&R Officer","Pending","0","Scheduled as per project implementation plan."
"MS-00027","PRJ-003","Completion","2025-11-15",,"R&R Officer","Pending","0","Scheduled as per project implementation plan."
"MS-00028","PRJ-004","Proposal","2025-10-02","2025-10-15","PWD Agency","Completed","0","Scheduled as per project implementation plan."
"MS-00029","PRJ-004","Scrutiny","2025-10-02","2025-10-15","District Authority","Delayed","57","Delayed by 57 days during inter-departmental verification."
"MS-00030","PRJ-004","Approval","2025-10-02","2025-10-15","State Government","Completed","0","Scheduled as per project implementation plan."
"MS-00031","PRJ-004","Notification","2025-10-02","2025-10-15","Central Ministry","Completed","0","Scheduled as per project implementation plan."
"MS-00032","PRJ-004","Award","2025-10-02",,"Land Acquisition Officer","In Progress","0","Active statutory stage."
"MS-00033","PRJ-004","Compensation","2025-10-02",,"R&R Officer","Pending","0","Scheduled as per project implementation plan."
"MS-00034","PRJ-004","Possession","2025-10-02",,"R&R Officer","Pending","0","Scheduled as per project implementation plan."
"MS-00035","PRJ-004","R&R","2025-10-02",,"R&R Officer","Pending","0","Scheduled as per project implementation plan."
"MS-00036","PRJ-004","Completion","2025-10-02",,"R&R Officer","Pending","0","Scheduled as per project implementation plan."
"MS-00037","PRJ-005","Proposal","2025-04-02","2025-10-15","PWD Agency","Completed","0","Scheduled as per project implementation plan."
"MS-00038","PRJ-005","Scrutiny","2025-04-02","2025-10-15","District Authority","Completed","0","Scheduled as per project implementation plan."
"MS-00039","PRJ-005","Approval","2025-04-02","2025-10-15","State Government","Completed","0","Scheduled as per project implementation plan."
"MS-00040","PRJ-005","Notification","2025-04-02","2025-10-15","Central Ministry","Completed","0","Scheduled as per project implementation plan."
"MS-00041","PRJ-005","Award","2025-04-02",,"Land Acquisition Officer","In Progress","0","Active statutory stage."
"MS-00042","PRJ-005","Compensation","2025-04-02",,"R&R Officer","Pending","0","Scheduled as per project implementation plan."
"MS-00043","PRJ-005","Possession","2025-04-02",,"R&R Officer","Pending","0","Scheduled as per project implementation plan."
"MS-00044","PRJ-005","R&R","2025-04-02",,"R&R Officer","Pending","0","Scheduled as per project implementation plan."
"MS-00045","PRJ-005","Completion","2025-04-02",,"R&R Officer","Pending","0","Scheduled as per project implementation plan."
"MS-00046","PRJ-006","Proposal","2025-02-27","2025-10-15","PWD Agency","Completed","0","Scheduled as per project implementation plan."
"MS-00047","PRJ-006","Scrutiny","2025-02-27","2025-10-15","District Authority","Completed","0","Scheduled as per project implementation plan."
"MS-00048","PRJ-006","Approval","2025-02-27","2025-10-15","State Government","Completed","0","Scheduled as per project implementation plan."
"MS-00049","PRJ-006","Notification","2025-02-27","2025-10-15","Central Ministry","Completed","0","Scheduled as per project implementation plan."
"MS-00050","PRJ-006","Award","2025-02-27","2025-10-15","Land Acquisition Officer","Completed","0","Scheduled as per project implementation plan."
"MS-00051","PRJ-006","Compensation","2025-02-27","2025-10-15","R&R Officer","Completed","0","Scheduled as per project implementation plan."
"MS-00052","PRJ-006","Possession","2025-02-27","2025-10-15","R&R Officer","Completed","0","Scheduled as per project implementation plan."
"MS-00053","PRJ-006","R&R","2025-02-27","2025-10-15","R&R Officer","Completed","0","Scheduled as per project implementation plan."
"MS-00054","PRJ-006","Completion","2025-02-27","2025-10-15","R&R Officer","Completed","0","Scheduled as per project implementation plan."
"MS-00055","PRJ-007","Proposal","2025-12-12","2025-10-15","PWD Agency","Completed","0","Scheduled as per project implementation plan."
"MS-00056","PRJ-007","Scrutiny","2025-12-12","2025-10-15","District Authority","Completed","0","Scheduled as per project implementation plan."
"MS-00057","PRJ-007","Approval","2025-12-12","2025-10-15","State Government","Completed","0","Scheduled as per project implementation plan."
"MS-00058","PRJ-007","Notification","2025-12-12","2025-10-15","Central Ministry","Completed","0","Scheduled as per project implementation plan."
"MS-00059","PRJ-007","Award","2025-12-12","2025-10-15","Land Acquisition Officer","Completed","0","Scheduled as per project implementation plan."
"MS-00060","PRJ-007","Compensation","2025-12-12","2025-10-15","R&R Officer","Completed","0","Scheduled as per project implementation plan."
"MS-00061","PRJ-007","Possession","2025-12-12","2025-10-15","R&R Officer","Completed","0","Scheduled as per project implementation plan."
"MS-00062","PRJ-007","R&R","2025-12-12","2025-10-15","R&R Officer","Completed","0","Scheduled as per project implementation plan."
"MS-00063","PRJ-007","Completion","2025-12-12","2025-10-15","R&R Officer","Completed","0","Scheduled as per project implementation plan."
"MS-00064","PRJ-008","Proposal","2025-08-17","2025-10-15","PWD Agency","Completed","0","Scheduled as per project implementation plan."
"MS-00065","PRJ-008","Scrutiny","2025-08-17","2025-10-15","District Authority","Completed","0","Scheduled as per project implementation plan."
"MS-00066","PRJ-008","Approval","2025-08-17","2025-10-15","State Government","Completed","0","Scheduled as per project implementation plan."
"MS-00067","PRJ-008","Notification","2025-08-17","2025-10-15","Central Ministry","Completed","0","Scheduled as per project implementation plan."
"MS-00068","PRJ-008","Award","2025-08-17","2025-10-15","Land Acquisition Officer","Completed","0","Scheduled as per project implementation plan."
"MS-00069","PRJ-008","Compensation","2025-08-17",,"R&R Officer","In Progress","0","Active statutory stage."
"MS-00070","PRJ-008","Possession","2025-08-17",,"R&R Officer","Pending","0","Scheduled as per project implementation plan."
"MS-00071","PRJ-008","R&R","2025-08-17",,"R&R Officer","Pending","0","Scheduled as per project implementation plan."
"MS-00072","PRJ-008","Completion","2025-08-17",,"R&R Officer","Pending","0","Scheduled as per project implementation plan."
"MS-00073","PRJ-009","Proposal","2025-04-27","2025-10-15","PWD Agency","Completed","0","Scheduled as per project implementation plan."
"MS-00074","PRJ-009","Scrutiny","2025-04-27","2025-10-15","District Authority","Delayed","54","Delayed by 54 days during inter-departmental verification."
"MS-00075","PRJ-009","Approval","2025-04-27","2025-10-15","State Government","Completed","0","Scheduled as per project implementation plan."
"MS-00076","PRJ-009","Notification","2025-04-27","2025-10-15","Central Ministry","Completed","0","Scheduled as per project implementation plan."
"MS-00077","PRJ-009","Award","2025-04-27","2025-10-15","Land Acquisition Officer","Completed","0","Scheduled as per project implementation plan."
"MS-00078","PRJ-009","Compensation","2025-04-27","2025-10-15","R&R Officer","Completed","0","Scheduled as per project implementation plan."
"MS-00079","PRJ-009","Possession","2025-04-27",,"R&R Officer","In Progress","0","Active statutory stage."
"MS-00080","PRJ-009","R&R","2025-04-27",,"R&R Officer","Pending","0","Scheduled as per project implementation plan."
"MS-00081","PRJ-009","Completion","2025-04-27",,"R&R Officer","Pending","0","Scheduled as per project implementation plan."
"MS-00082","PRJ-010","Proposal","2025-11-14","2025-10-15","PWD Agency","Completed","0","Scheduled as per project implementation plan."
"MS-00083","PRJ-010","Scrutiny","2025-11-14","2025-10-15","District Authority","Completed","0","Scheduled as per project implementation plan."
"MS-00084","PRJ-010","Approval","2025-11-14",,"State Government","In Progress","0","Active statutory stage."
"MS-00085","PRJ-010","Notification","2025-11-14",,"Central Ministry","Pending","0","Scheduled as per project implementation plan."
"MS-00086","PRJ-010","Award","2025-11-14",,"Land Acquisition Officer","Pending","0","Scheduled as per project implementation plan."
"MS-00087","PRJ-010","Compensation","2025-11-14",,"R&R Officer","Pending","0","Scheduled as per project implementation plan."
"MS-00088","PRJ-010","Possession","2025-11-14",,"R&R Officer","Pending","0","Scheduled as per project implementation plan."
"MS-00089","PRJ-010","R&R","2025-11-14",,"R&R Officer","Pending","0","Scheduled as per project implementation plan."
"MS-00090","PRJ-010","Completion","2025-11-14",,"R&R Officer","Pending","0","Scheduled as per project implementation plan."
"MS-00091","PRJ-011","Proposal","2025-10-06","2025-10-15","PWD Agency","Completed","0","Scheduled as per project implementation plan."
"MS-00092","PRJ-011","Scrutiny","2025-10-06","2025-10-15","District Authority","Delayed","46","Delayed by 46 days during inter-departmental verification."
"MS-00093","PRJ-011","Approval","2025-10-06","2025-10-15","State Government","Completed","0","Scheduled as per project implementation plan."
"MS-00094","PRJ-011","Notification","2025-10-06",,"Central Ministry","In Progress","0","Active statutory stage."
"MS-00095","PRJ-011","Award","2025-10-06",,"Land Acquisition Officer","Pending","0","Scheduled as per project implementation plan."
"MS-00096","PRJ-011","Compensation","2025-10-06",,"R&R Officer","Pending","0","Scheduled as per project implementation plan."
"MS-00097","PRJ-011","Possession","2025-10-06",,"R&R Officer","Pending","0","Scheduled as per project implementation plan."
"MS-00098","PRJ-011","R&R","2025-10-06",,"R&R Officer","Pending","0","Scheduled as per project implementation plan."
"MS-00099","PRJ-011","Completion","2025-10-06",,"R&R Officer","Pending","0","Scheduled as per project implementation plan."
"MS-00100","PRJ-012","Proposal","2025-05-07","2025-10-15","PWD Agency","Completed","0","Scheduled as per project implementation plan."
"MS-00101","PRJ-012","Scrutiny","2025-05-07","2025-10-15","District Authority","Completed","0","Scheduled as per project implementation plan."
"MS-00102","PRJ-012","Approval","2025-05-07","2025-10-15","State Government","Completed","0","Scheduled as per project implementation plan."
"MS-00103","PRJ-012","Notification","2025-05-07","2025-10-15","Central Ministry","Completed","0","Scheduled as per project implementation plan."
"MS-00104","PRJ-012","Award","2025-05-07","2025-10-15","Land Acquisition Officer","Completed","0","Scheduled as per project implementation plan."
"MS-00105","PRJ-012","Compensation","2025-05-07","2025-10-15","R&R Officer","Completed","0","Scheduled as per project implementation plan."
"MS-00106","PRJ-012","Possession","2025-05-07","2025-10-15","R&R Officer","Completed","0","Scheduled as per project implementation plan."
"MS-00107","PRJ-012","R&R","2025-05-07",,"R&R Officer","In Progress","0","Active statutory stage."
"MS-00108","PRJ-012","Completion","2025-05-07",,"R&R Officer","Pending","0","Scheduled as per project implementation plan."
"MS-00109","PRJ-013","Proposal","2025-05-09","2025-10-15","PWD Agency","Completed","0","Scheduled as per project implementation plan."
"MS-00110","PRJ-013","Scrutiny","2025-05-09","2025-10-15","District Authority","Delayed","53","Delayed by 53 days during inter-departmental verification."
"MS-00111","PRJ-013","Approval","2025-05-09","2025-10-15","State Government","Completed","0","Scheduled as per project implementation plan."
"MS-00112","PRJ-013","Notification","2025-05-09","2025-10-15","Central Ministry","Completed","0","Scheduled as per project implementation plan."
"MS-00113","PRJ-013","Award","2025-05-09","2025-10-15","Land Acquisition Officer","Completed","0","Scheduled as per project implementation plan."
"MS-00114","PRJ-013","Compensation","2025-05-09","2025-10-15","R&R Officer","Completed","0","Scheduled as per project implementation plan."
"MS-00115","PRJ-013","Possession","2025-05-09",,"R&R Officer","In Progress","0","Active statutory stage."
"MS-00116","PRJ-013","R&R","2025-05-09",,"R&R Officer","Pending","0","Scheduled as per project implementation plan."
"MS-00117","PRJ-013","Completion","2025-05-09",,"R&R Officer","Pending","0","Scheduled as per project implementation plan."
"MS-00118","PRJ-014","Proposal","2025-02-27","2025-10-15","PWD Agency","Completed","0","Scheduled as per project implementation plan."
"MS-00119","PRJ-014","Scrutiny","2025-02-27","2025-10-15","District Authority","Completed","0","Scheduled as per project implementation plan."
"MS-00120","PRJ-014","Approval","2025-02-27","2025-10-15","State Government","Completed","0","Scheduled as per project implementation plan."
"MS-00121","PRJ-014","Notification","2025-02-27","2025-10-15","Central Ministry","Completed","0","Scheduled as per project implementation plan."
"MS-00122","PRJ-014","Award","2025-02-27","2025-10-15","Land Acquisition Officer","Completed","0","Scheduled as per project implementation plan."
"MS-00123","PRJ-014","Compensation","2025-02-27","2025-10-15","R&R Officer","Completed","0","Scheduled as per project implementation plan."
"MS-00124","PRJ-014","Possession","2025-02-27",,"R&R Officer","In Progress","0","Active statutory stage."
"MS-00125","PRJ-014","R&R","2025-02-27",,"R&R Officer","Pending","0","Scheduled as per project implementation plan."
"MS-00126","PRJ-014","Completion","2025-02-27",,"R&R Officer","Pending","0","Scheduled as per project implementation plan."
"MS-00127","PRJ-015","Proposal","2025-05-02","2025-10-15","PWD Agency","Completed","0","Scheduled as per project implementation plan."
"MS-00128","PRJ-015","Scrutiny","2025-05-02","2025-10-15","District Authority","Completed","0","Scheduled as per project implementation plan."
"MS-00129","PRJ-015","Approval","2025-05-02","2025-10-15","State Government","Completed","0","Scheduled as per project implementation plan."
"MS-00130","PRJ-015","Notification","2025-05-02","2025-10-15","Central Ministry","Completed","0","Scheduled as per project implementation plan."
"MS-00131","PRJ-015","Award","2025-05-02","2025-10-15","Land Acquisition Officer","Completed","0","Scheduled as per project implementation plan."
"MS-00132","PRJ-015","Compensation","2025-05-02",,"R&R Officer","In Progress","0","Active statutory stage."
"MS-00133","PRJ-015","Possession","2025-05-02",,"R&R Officer","Pending","0","Scheduled as per project implementation plan."
"MS-00134","PRJ-015","R&R","2025-05-02",,"R&R Officer","Pending","0","Scheduled as per project implementation plan."
"MS-00135","PRJ-015","Completion","2025-05-02",,"R&R Officer","Pending","0","Scheduled as per project implementation plan."
"MS-00136","PRJ-016","Proposal","2025-01-01","2025-10-15","PWD Agency","Completed","0","Scheduled as per project implementation plan."
"MS-00137","PRJ-016","Scrutiny","2025-01-01","2025-10-15","District Authority","Delayed","36","Delayed by 36 days during inter-departmental verification."
"MS-00138","PRJ-016","Approval","2025-01-01","2025-10-15","State Government","Completed","0","Scheduled as per project implementation plan."
"MS-00139","PRJ-016","Notification","2025-01-01","2025-10-15","Central Ministry","Completed","0","Scheduled as per project implementation plan."
"MS-00140","PRJ-016","Award","2025-01-01","2025-10-15","Land Acquisition Officer","Completed","0","Scheduled as per project implementation plan."
"MS-00141","PRJ-016","Compensation","2025-01-01",,"R&R Officer","In Progress","0","Active statutory stage."
"MS-00142","PRJ-016","Possession","2025-01-01",,"R&R Officer","Pending","0","Scheduled as per project implementation plan."
"MS-00143","PRJ-016","R&R","2025-01-01",,"R&R Officer","Pending","0","Scheduled as per project implementation plan."
"MS-00144","PRJ-016","Completion","2025-01-01",,"R&R Officer","Pending","0","Scheduled as per project implementation plan."
"MS-00145","PRJ-017","Proposal","2025-08-27","2025-10-15","PWD Agency","Completed","0","Scheduled as per project implementation plan."
"MS-00146","PRJ-017","Scrutiny","2025-08-27","2025-10-15","District Authority","Completed","0","Scheduled as per project implementation plan."
"MS-00147","PRJ-017","Approval","2025-08-27","2025-10-15","State Government","Completed","0","Scheduled as per project implementation plan."
"MS-00148","PRJ-017","Notification","2025-08-27","2025-10-15","Central Ministry","Completed","0","Scheduled as per project implementation plan."
"MS-00149","PRJ-017","Award","2025-08-27",,"Land Acquisition Officer","In Progress","0","Active statutory stage."
"MS-00150","PRJ-017","Compensation","2025-08-27",,"R&R Officer","Pending","0","Scheduled as per project implementation plan."
"MS-00151","PRJ-017","Possession","2025-08-27",,"R&R Officer","Pending","0","Scheduled as per project implementation plan."
"MS-00152","PRJ-017","R&R","2025-08-27",,"R&R Officer","Pending","0","Scheduled as per project implementation plan."
"MS-00153","PRJ-017","Completion","2025-08-27",,"R&R Officer","Pending","0","Scheduled as per project implementation plan."
"MS-00154","PRJ-018","Proposal","2025-10-17","2025-10-15","PWD Agency","Completed","0","Scheduled as per project implementation plan."
"MS-00155","PRJ-018","Scrutiny","2025-10-17","2025-10-15","District Authority","Completed","0","Scheduled as per project implementation plan."
"MS-00156","PRJ-018","Approval","2025-10-17","2025-10-15","State Government","Completed","0","Scheduled as per project implementation plan."
"MS-00157","PRJ-018","Notification","2025-10-17","2025-10-15","Central Ministry","Completed","0","Scheduled as per project implementation plan."
"MS-00158","PRJ-018","Award","2025-10-17","2025-10-15","Land Acquisition Officer","Completed","0","Scheduled as per project implementation plan."
"MS-00159","PRJ-018","Compensation","2025-10-17",,"R&R Officer","In Progress","0","Active statutory stage."
"MS-00160","PRJ-018","Possession","2025-10-17",,"R&R Officer","Pending","0","Scheduled as per project implementation plan."
"MS-00161","PRJ-018","R&R","2025-10-17",,"R&R Officer","Pending","0","Scheduled as per project implementation plan."
"MS-00162","PRJ-018","Completion","2025-10-17",,"R&R Officer","Pending","0","Scheduled as per project implementation plan."
"MS-00163","PRJ-019","Proposal","2025-04-06","2025-10-15","PWD Agency","Completed","0","Scheduled as per project implementation plan."
"MS-00164","PRJ-019","Scrutiny","2025-04-06","2025-10-15","District Authority","Delayed","48","Delayed by 48 days during inter-departmental verification."
"MS-00165","PRJ-019","Approval","2025-04-06","2025-10-15","State Government","Completed","0","Scheduled as per project implementation plan."
"MS-00166","PRJ-019","Notification","2025-04-06","2025-10-15","Central Ministry","Completed","0","Scheduled as per project implementation plan."
"MS-00167","PRJ-019","Award","2025-04-06","2025-10-15","Land Acquisition Officer","Completed","0","Scheduled as per project implementation plan."
"MS-00168","PRJ-019","Compensation","2025-04-06",,"R&R Officer","In Progress","0","Active statutory stage."
"MS-00169","PRJ-019","Possession","2025-04-06",,"R&R Officer","Pending","0","Scheduled as per project implementation plan."
"MS-00170","PRJ-019","R&R","2025-04-06",,"R&R Officer","Pending","0","Scheduled as per project implementation plan."
"MS-00171","PRJ-019","Completion","2025-04-06",,"R&R Officer","Pending","0","Scheduled as per project implementation plan."
"MS-00172","PRJ-020","Proposal","2025-05-06","2025-10-15","PWD Agency","Completed","0","Scheduled as per project implementation plan."
"MS-00173","PRJ-020","Scrutiny","2025-05-06","2025-10-15","District Authority","Delayed","43","Delayed by 43 days during inter-departmental verification."
"MS-00174","PRJ-020","Approval","2025-05-06","2025-10-15","State Government","Completed","0","Scheduled as per project implementation plan."
"MS-00175","PRJ-020","Notification","2025-05-06","2025-10-15","Central Ministry","Completed","0","Scheduled as per project implementation plan."
"MS-00176","PRJ-020","Award","2025-05-06","2025-10-15","Land Acquisition Officer","Completed","0","Scheduled as per project implementation plan."
"MS-00177","PRJ-020","Compensation","2025-05-06",,"R&R Officer","In Progress","0","Active statutory stage."
"MS-00178","PRJ-020","Possession","2025-05-06",,"R&R Officer","Pending","0","Scheduled as per project implementation plan."
"MS-00179","PRJ-020","R&R","2025-05-06",,"R&R Officer","Pending","0","Scheduled as per project implementation plan."
"MS-00180","PRJ-020","Completion","2025-05-06",,"R&R Officer","Pending","0","Scheduled as per project implementation plan."
"MS-00181","PRJ-021","Proposal","2025-04-28","2025-10-15","PWD Agency","Completed","0","Scheduled as per project implementation plan."
"MS-00182","PRJ-021","Scrutiny","2025-04-28","2025-10-15","District Authority","Completed","0","Scheduled as per project implementation plan."
"MS-00183","PRJ-021","Approval","2025-04-28",,"State Government","In Progress","0","Active statutory stage."
"MS-00184","PRJ-021","Notification","2025-04-28",,"Central Ministry","Pending","0","Scheduled as per project implementation plan."
"MS-00185","PRJ-021","Award","2025-04-28",,"Land Acquisition Officer","Pending","0","Scheduled as per project implementation plan."
"MS-00186","PRJ-021","Compensation","2025-04-28",,"R&R Officer","Pending","0","Scheduled as per project implementation plan."
"MS-00187","PRJ-021","Possession","2025-04-28",,"R&R Officer","Pending","0","Scheduled as per project implementation plan."
"MS-00188","PRJ-021","R&R","2025-04-28",,"R&R Officer","Pending","0","Scheduled as per project implementation plan."
"MS-00189","PRJ-021","Completion","2025-04-28",,"R&R Officer","Pending","0","Scheduled as per project implementation plan."
"MS-00190","PRJ-022","Proposal","2025-02-17","2025-10-15","PWD Agency","Completed","0","Scheduled as per project implementation plan."
"MS-00191","PRJ-022","Scrutiny","2025-02-17","2025-10-15","District Authority","Completed","0","Scheduled as per project implementation plan."
"MS-00192","PRJ-022","Approval","2025-02-17",,"State Government","In Progress","0","Active statutory stage."
"MS-00193","PRJ-022","Notification","2025-02-17",,"Central Ministry","Pending","0","Scheduled as per project implementation plan."
"MS-00194","PRJ-022","Award","2025-02-17",,"Land Acquisition Officer","Pending","0","Scheduled as per project implementation plan."
"MS-00195","PRJ-022","Compensation","2025-02-17",,"R&R Officer","Pending","0","Scheduled as per project implementation plan."
"MS-00196","PRJ-022","Possession","2025-02-17",,"R&R Officer","Pending","0","Scheduled as per project implementation plan."
"MS-00197","PRJ-022","R&R","2025-02-17",,"R&R Officer","Pending","0","Scheduled as per project implementation plan."
"MS-00198","PRJ-022","Completion","2025-02-17",,"R&R Officer","Pending","0","Scheduled as per project implementation plan."
"MS-00199","PRJ-023","Proposal","2025-03-30","2025-10-15","PWD Agency","Completed","0","Scheduled as per project implementation plan."
"MS-00200","PRJ-023","Scrutiny","2025-03-30","2025-10-15","District Authority","Completed","0","Scheduled as per project implementation plan."
"MS-00201","PRJ-023","Approval","2025-03-30","2025-10-15","State Government","Completed","0","Scheduled as per project implementation plan."
"MS-00202","PRJ-023","Notification","2025-03-30","2025-10-15","Central Ministry","Completed","0","Scheduled as per project implementation plan."
"MS-00203","PRJ-023","Award","2025-03-30","2025-10-15","Land Acquisition Officer","Completed","0","Scheduled as per project implementation plan."
"MS-00204","PRJ-023","Compensation","2025-03-30","2025-10-15","R&R Officer","Completed","0","Scheduled as per project implementation plan."
"MS-00205","PRJ-023","Possession","2025-03-30","2025-10-15","R&R Officer","Completed","0","Scheduled as per project implementation plan."
"MS-00206","PRJ-023","R&R","2025-03-30",,"R&R Officer","In Progress","0","Active statutory stage."
"MS-00207","PRJ-023","Completion","2025-03-30",,"R&R Officer","Pending","0","Scheduled as per project implementation plan."
"MS-00208","PRJ-024","Proposal","2025-08-25","2025-10-15","PWD Agency","Completed","0","Scheduled as per project implementation plan."
"MS-00209","PRJ-024","Scrutiny","2025-08-25","2025-10-15","District Authority","Completed","0","Scheduled as per project implementation plan."
"MS-00210","PRJ-024","Approval","2025-08-25","2025-10-15","State Government","Completed","0","Scheduled as per project implementation plan."
"MS-00211","PRJ-024","Notification","2025-08-25","2025-10-15","Central Ministry","Completed","0","Scheduled as per project implementation plan."
"MS-00212","PRJ-024","Award","2025-08-25","2025-10-15","Land Acquisition Officer","Completed","0","Scheduled as per project implementation plan."
"MS-00213","PRJ-024","Compensation","2025-08-25","2025-10-15","R&R Officer","Completed","0","Scheduled as per project implementation plan."
"MS-00214","PRJ-024","Possession","2025-08-25",,"R&R Officer","In Progress","0","Active statutory stage."
"MS-00215","PRJ-024","R&R","2025-08-25",,"R&R Officer","Pending","0","Scheduled as per project implementation plan."
"MS-00216","PRJ-024","Completion","2025-08-25",,"R&R Officer","Pending","0","Scheduled as per project implementation plan."
"MS-00217","PRJ-025","Proposal","2025-09-29","2025-10-15","PWD Agency","Completed","0","Scheduled as per project implementation plan."
"MS-00218","PRJ-025","Scrutiny","2025-09-29","2025-10-15","District Authority","Completed","0","Scheduled as per project implementation plan."
"MS-00219","PRJ-025","Approval","2025-09-29","2025-10-15","State Government","Completed","0","Scheduled as per project implementation plan."
"MS-00220","PRJ-025","Notification","2025-09-29","2025-10-15","Central Ministry","Completed","0","Scheduled as per project implementation plan."
"MS-00221","PRJ-025","Award","2025-09-29","2025-10-15","Land Acquisition Officer","Completed","0","Scheduled as per project implementation plan."
"MS-00222","PRJ-025","Compensation","2025-09-29","2025-10-15","R&R Officer","Completed","0","Scheduled as per project implementation plan."
"MS-00223","PRJ-025","Possession","2025-09-29","2025-10-15","R&R Officer","Completed","0","Scheduled as per project implementation plan."
"MS-00224","PRJ-025","R&R","2025-09-29",,"R&R Officer","In Progress","0","Active statutory stage."
"MS-00225","PRJ-025","Completion","2025-09-29",,"R&R Officer","Pending","0","Scheduled as per project implementation plan."
"MS-00226","PRJ-026","Proposal","2025-07-08","2025-10-15","PWD Agency","Completed","0","Scheduled as per project implementation plan."
"MS-00227","PRJ-026","Scrutiny","2025-07-08","2025-10-15","District Authority","Completed","0","Scheduled as per project implementation plan."
"MS-00228","PRJ-026","Approval","2025-07-08",,"State Government","In Progress","0","Active statutory stage."
"MS-00229","PRJ-026","Notification","2025-07-08",,"Central Ministry","Pending","0","Scheduled as per project implementation plan."
"MS-00230","PRJ-026","Award","2025-07-08",,"Land Acquisition Officer","Pending","0","Scheduled as per project implementation plan."
"MS-00231","PRJ-026","Compensation","2025-07-08",,"R&R Officer","Pending","0","Scheduled as per project implementation plan."
"MS-00232","PRJ-026","Possession","2025-07-08",,"R&R Officer","Pending","0","Scheduled as per project implementation plan."
"MS-00233","PRJ-026","R&R","2025-07-08",,"R&R Officer","Pending","0","Scheduled as per project implementation plan."
"MS-00234","PRJ-026","Completion","2025-07-08",,"R&R Officer","Pending","0","Scheduled as per project implementation plan."
"MS-00235","PRJ-027","Proposal","2025-07-11","2025-10-15","PWD Agency","Completed","0","Scheduled as per project implementation plan."
"MS-00236","PRJ-027","Scrutiny","2025-07-11","2025-10-15","District Authority","Completed","0","Scheduled as per project implementation plan."
"MS-00237","PRJ-027","Approval","2025-07-11","2025-10-15","State Government","Completed","0","Scheduled as per project implementation plan."
"MS-00238","PRJ-027","Notification","2025-07-11","2025-10-15","Central Ministry","Completed","0","Scheduled as per project implementation plan."
"MS-00239","PRJ-027","Award","2025-07-11","2025-10-15","Land Acquisition Officer","Completed","0","Scheduled as per project implementation plan."
"MS-00240","PRJ-027","Compensation","2025-07-11","2025-10-15","R&R Officer","Completed","0","Scheduled as per project implementation plan."
"MS-00241","PRJ-027","Possession","2025-07-11","2025-10-15","R&R Officer","Completed","0","Scheduled as per project implementation plan."
"MS-00242","PRJ-027","R&R","2025-07-11","2025-10-15","R&R Officer","Completed","0","Scheduled as per project implementation plan."
"MS-00243","PRJ-027","Completion","2025-07-11","2025-10-15","R&R Officer","Completed","0","Scheduled as per project implementation plan."
"MS-00244","PRJ-028","Proposal","2025-03-10","2025-10-15","PWD Agency","Completed","0","Scheduled as per project implementation plan."
"MS-00245","PRJ-028","Scrutiny","2025-03-10","2025-10-15","District Authority","Completed","0","Scheduled as per project implementation plan."
"MS-00246","PRJ-028","Approval","2025-03-10","2025-10-15","State Government","Completed","0","Scheduled as per project implementation plan."
"MS-00247","PRJ-028","Notification","2025-03-10","2025-10-15","Central Ministry","Completed","0","Scheduled as per project implementation plan."
"MS-00248","PRJ-028","Award","2025-03-10","2025-10-15","Land Acquisition Officer","Completed","0","Scheduled as per project implementation plan."
"MS-00249","PRJ-028","Compensation","2025-03-10","2025-10-15","R&R Officer","Completed","0","Scheduled as per project implementation plan."
"MS-00250","PRJ-028","Possession","2025-03-10","2025-10-15","R&R Officer","Completed","0","Scheduled as per project implementation plan."
"MS-00251","PRJ-028","R&R","2025-03-10","2025-10-15","R&R Officer","Completed","0","Scheduled as per project implementation plan."
"MS-00252","PRJ-028","Completion","2025-03-10","2025-10-15","R&R Officer","Completed","0","Scheduled as per project implementation plan."
"MS-00253","PRJ-029","Proposal","2025-10-05","2025-10-15","PWD Agency","Completed","0","Scheduled as per project implementation plan."
"MS-00254","PRJ-029","Scrutiny","2025-10-05","2025-10-15","District Authority","Completed","0","Scheduled as per project implementation plan."
"MS-00255","PRJ-029","Approval","2025-10-05","2025-10-15","State Government","Completed","0","Scheduled as per project implementation plan."
"MS-00256","PRJ-029","Notification","2025-10-05","2025-10-15","Central Ministry","Completed","0","Scheduled as per project implementation plan."
"MS-00257","PRJ-029","Award","2025-10-05","2025-10-15","Land Acquisition Officer","Completed","0","Scheduled as per project implementation plan."
"MS-00258","PRJ-029","Compensation","2025-10-05","2025-10-15","R&R Officer","Completed","0","Scheduled as per project implementation plan."
"MS-00259","PRJ-029","Possession","2025-10-05","2025-10-15","R&R Officer","Completed","0","Scheduled as per project implementation plan."
"MS-00260","PRJ-029","R&R","2025-10-05","2025-10-15","R&R Officer","Completed","0","Scheduled as per project implementation plan."
"MS-00261","PRJ-029","Completion","2025-10-05","2025-10-15","R&R Officer","Completed","0","Scheduled as per project implementation plan."
"MS-00262","PRJ-030","Proposal","2025-12-15","2025-10-15","PWD Agency","Completed","0","Scheduled as per project implementation plan."
"MS-00263","PRJ-030","Scrutiny","2025-12-15","2025-10-15","District Authority","Completed","0","Scheduled as per project implementation plan."
"MS-00264","PRJ-030","Approval","2025-12-15","2025-10-15","State Government","Completed","0","Scheduled as per project implementation plan."
"MS-00265","PRJ-030","Notification","2025-12-15","2025-10-15","Central Ministry","Completed","0","Scheduled as per project implementation plan."
"MS-00266","PRJ-030","Award","2025-12-15",,"Land Acquisition Officer","In Progress","0","Active statutory stage."
"MS-00267","PRJ-030","Compensation","2025-12-15",,"R&R Officer","Pending","0","Scheduled as per project implementation plan."
"MS-00268","PRJ-030","Possession","2025-12-15",,"R&R Officer","Pending","0","Scheduled as per project implementation plan."
"MS-00269","PRJ-030","R&R","2025-12-15",,"R&R Officer","Pending","0","Scheduled as per project implementation plan."
"MS-00270","PRJ-030","Completion","2025-12-15",,"R&R Officer","Pending","0","Scheduled as per project implementation plan."
"MS-00271","PRJ-031","Proposal","2025-09-04","2025-10-15","PWD Agency","Completed","0","Scheduled as per project implementation plan."
"MS-00272","PRJ-031","Scrutiny","2025-09-04","2025-10-15","District Authority","Completed","0","Scheduled as per project implementation plan."
"MS-00273","PRJ-031","Approval","2025-09-04","2025-10-15","State Government","Completed","0","Scheduled as per project implementation plan."
"MS-00274","PRJ-031","Notification","2025-09-04","2025-10-15","Central Ministry","Completed","0","Scheduled as per project implementation plan."
"MS-00275","PRJ-031","Award","2025-09-04","2025-10-15","Land Acquisition Officer","Completed","0","Scheduled as per project implementation plan."
"MS-00276","PRJ-031","Compensation","2025-09-04","2025-10-15","R&R Officer","Completed","0","Scheduled as per project implementation plan."
"MS-00277","PRJ-031","Possession","2025-09-04","2025-10-15","R&R Officer","Completed","0","Scheduled as per project implementation plan."
"MS-00278","PRJ-031","R&R","2025-09-04",,"R&R Officer","In Progress","0","Active statutory stage."
"MS-00279","PRJ-031","Completion","2025-09-04",,"R&R Officer","Pending","0","Scheduled as per project implementation plan."
"MS-00280","PRJ-032","Proposal","2025-03-17","2025-10-15","PWD Agency","Completed","0","Scheduled as per project implementation plan."
"MS-00281","PRJ-032","Scrutiny","2025-03-17","2025-10-15","District Authority","Completed","0","Scheduled as per project implementation plan."
"MS-00282","PRJ-032","Approval","2025-03-17","2025-10-15","State Government","Completed","0","Scheduled as per project implementation plan."
"MS-00283","PRJ-032","Notification","2025-03-17","2025-10-15","Central Ministry","Completed","0","Scheduled as per project implementation plan."
"MS-00284","PRJ-032","Award","2025-03-17","2025-10-15","Land Acquisition Officer","Completed","0","Scheduled as per project implementation plan."
"MS-00285","PRJ-032","Compensation","2025-03-17",,"R&R Officer","In Progress","0","Active statutory stage."
"MS-00286","PRJ-032","Possession","2025-03-17",,"R&R Officer","Pending","0","Scheduled as per project implementation plan."
"MS-00287","PRJ-032","R&R","2025-03-17",,"R&R Officer","Pending","0","Scheduled as per project implementation plan."
"MS-00288","PRJ-032","Completion","2025-03-17",,"R&R Officer","Pending","0","Scheduled as per project implementation plan."
"MS-00289","PRJ-033","Proposal","2025-06-03","2025-10-15","PWD Agency","Completed","0","Scheduled as per project implementation plan."
"MS-00290","PRJ-033","Scrutiny","2025-06-03","2025-10-15","District Authority","Completed","0","Scheduled as per project implementation plan."
"MS-00291","PRJ-033","Approval","2025-06-03",,"State Government","In Progress","0","Active statutory stage."
"MS-00292","PRJ-033","Notification","2025-06-03",,"Central Ministry","Pending","0","Scheduled as per project implementation plan."
"MS-00293","PRJ-033","Award","2025-06-03",,"Land Acquisition Officer","Pending","0","Scheduled as per project implementation plan."
"MS-00294","PRJ-033","Compensation","2025-06-03",,"R&R Officer","Pending","0","Scheduled as per project implementation plan."
"MS-00295","PRJ-033","Possession","2025-06-03",,"R&R Officer","Pending","0","Scheduled as per project implementation plan."
"MS-00296","PRJ-033","R&R","2025-06-03",,"R&R Officer","Pending","0","Scheduled as per project implementation plan."
"MS-00297","PRJ-033","Completion","2025-06-03",,"R&R Officer","Pending","0","Scheduled as per project implementation plan."
"MS-00298","PRJ-034","Proposal","2025-05-24","2025-10-15","PWD Agency","Completed","0","Scheduled as per project implementation plan."
"MS-00299","PRJ-034","Scrutiny","2025-05-24","2025-10-15","District Authority","Completed","0","Scheduled as per project implementation plan."
"MS-00300","PRJ-034","Approval","2025-05-24","2025-10-15","State Government","Completed","0","Scheduled as per project implementation plan."
"MS-00301","PRJ-034","Notification","2025-05-24","2025-10-15","Central Ministry","Completed","0","Scheduled as per project implementation plan."
"MS-00302","PRJ-034","Award","2025-05-24","2025-10-15","Land Acquisition Officer","Completed","0","Scheduled as per project implementation plan."
"MS-00303","PRJ-034","Compensation","2025-05-24","2025-10-15","R&R Officer","Completed","0","Scheduled as per project implementation plan."
"MS-00304","PRJ-034","Possession","2025-05-24","2025-10-15","R&R Officer","Completed","0","Scheduled as per project implementation plan."
"MS-00305","PRJ-034","R&R","2025-05-24",,"R&R Officer","In Progress","0","Active statutory stage."
"MS-00306","PRJ-034","Completion","2025-05-24",,"R&R Officer","Pending","0","Scheduled as per project implementation plan."
"MS-00307","PRJ-035","Proposal","2025-03-27","2025-10-15","PWD Agency","Completed","0","Scheduled as per project implementation plan."
"MS-00308","PRJ-035","Scrutiny","2025-03-27","2025-10-15","District Authority","Delayed","57","Delayed by 57 days during inter-departmental verification."
"MS-00309","PRJ-035","Approval","2025-03-27","2025-10-15","State Government","Completed","0","Scheduled as per project implementation plan."
"MS-00310","PRJ-035","Notification","2025-03-27","2025-10-15","Central Ministry","Completed","0","Scheduled as per project implementation plan."
"MS-00311","PRJ-035","Award","2025-03-27","2025-10-15","Land Acquisition Officer","Completed","0","Scheduled as per project implementation plan."
"MS-00312","PRJ-035","Compensation","2025-03-27","2025-10-15","R&R Officer","Completed","0","Scheduled as per project implementation plan."
"MS-00313","PRJ-035","Possession","2025-03-27",,"R&R Officer","In Progress","0","Active statutory stage."
"MS-00314","PRJ-035","R&R","2025-03-27",,"R&R Officer","Pending","0","Scheduled as per project implementation plan."
"MS-00315","PRJ-035","Completion","2025-03-27",,"R&R Officer","Pending","0","Scheduled as per project implementation plan."
"MS-00316","PRJ-036","Proposal","2025-07-04","2025-10-15","PWD Agency","Completed","0","Scheduled as per project implementation plan."
"MS-00317","PRJ-036","Scrutiny","2025-07-04","2025-10-15","District Authority","Completed","0","Scheduled as per project implementation plan."
"MS-00318","PRJ-036","Approval","2025-07-04","2025-10-15","State Government","Completed","0","Scheduled as per project implementation plan."
"MS-00319","PRJ-036","Notification","2025-07-04","2025-10-15","Central Ministry","Completed","0","Scheduled as per project implementation plan."
"MS-00320","PRJ-036","Award","2025-07-04","2025-10-15","Land Acquisition Officer","Completed","0","Scheduled as per project implementation plan."
"MS-00321","PRJ-036","Compensation","2025-07-04","2025-10-15","R&R Officer","Completed","0","Scheduled as per project implementation plan."
"MS-00322","PRJ-036","Possession","2025-07-04","2025-10-15","R&R Officer","Completed","0","Scheduled as per project implementation plan."
"MS-00323","PRJ-036","R&R","2025-07-04",,"R&R Officer","In Progress","0","Active statutory stage."
"MS-00324","PRJ-036","Completion","2025-07-04",,"R&R Officer","Pending","0","Scheduled as per project implementation plan."
"MS-00325","PRJ-037","Proposal","2025-10-12","2025-10-15","PWD Agency","Completed","0","Scheduled as per project implementation plan."
"MS-00326","PRJ-037","Scrutiny","2025-10-12","2025-10-15","District Authority","Completed","0","Scheduled as per project implementation plan."
"MS-00327","PRJ-037","Approval","2025-10-12","2025-10-15","State Government","Completed","0","Scheduled as per project implementation plan."
"MS-00328","PRJ-037","Notification","2025-10-12","2025-10-15","Central Ministry","Completed","0","Scheduled as per project implementation plan."
"MS-00329","PRJ-037","Award","2025-10-12","2025-10-15","Land Acquisition Officer","Completed","0","Scheduled as per project implementation plan."
"MS-00330","PRJ-037","Compensation","2025-10-12","2025-10-15","R&R Officer","Completed","0","Scheduled as per project implementation plan."
"MS-00331","PRJ-037","Possession","2025-10-12","2025-10-15","R&R Officer","Completed","0","Scheduled as per project implementation plan."
"MS-00332","PRJ-037","R&R","2025-10-12",,"R&R Officer","In Progress","0","Active statutory stage."
"MS-00333","PRJ-037","Completion","2025-10-12",,"R&R Officer","Pending","0","Scheduled as per project implementation plan."
"MS-00334","PRJ-038","Proposal","2025-08-08","2025-10-15","PWD Agency","Completed","0","Scheduled as per project implementation plan."
"MS-00335","PRJ-038","Scrutiny","2025-08-08","2025-10-15","District Authority","Completed","0","Scheduled as per project implementation plan."
"MS-00336","PRJ-038","Approval","2025-08-08","2025-10-15","State Government","Completed","0","Scheduled as per project implementation plan."
"MS-00337","PRJ-038","Notification","2025-08-08","2025-10-15","Central Ministry","Completed","0","Scheduled as per project implementation plan."
"MS-00338","PRJ-038","Award","2025-08-08","2025-10-15","Land Acquisition Officer","Completed","0","Scheduled as per project implementation plan."
"MS-00339","PRJ-038","Compensation","2025-08-08","2025-10-15","R&R Officer","Completed","0","Scheduled as per project implementation plan."
"MS-00340","PRJ-038","Possession","2025-08-08","2025-10-15","R&R Officer","Completed","0","Scheduled as per project implementation plan."
"MS-00341","PRJ-038","R&R","2025-08-08",,"R&R Officer","In Progress","0","Active statutory stage."
"MS-00342","PRJ-038","Completion","2025-08-08",,"R&R Officer","Pending","0","Scheduled as per project implementation plan."
"MS-00343","PRJ-039","Proposal","2025-03-10","2025-10-15","PWD Agency","Completed","0","Scheduled as per project implementation plan."
"MS-00344","PRJ-039","Scrutiny","2025-03-10","2025-10-15","District Authority","Completed","0","Scheduled as per project implementation plan."
"MS-00345","PRJ-039","Approval","2025-03-10","2025-10-15","State Government","Completed","0","Scheduled as per project implementation plan."
"MS-00346","PRJ-039","Notification","2025-03-10","2025-10-15","Central Ministry","Completed","0","Scheduled as per project implementation plan."
"MS-00347","PRJ-039","Award","2025-03-10","2025-10-15","Land Acquisition Officer","Completed","0","Scheduled as per project implementation plan."
"MS-00348","PRJ-039","Compensation","2025-03-10","2025-10-15","R&R Officer","Completed","0","Scheduled as per project implementation plan."
"MS-00349","PRJ-039","Possession","2025-03-10","2025-10-15","R&R Officer","Completed","0","Scheduled as per project implementation plan."
"MS-00350","PRJ-039","R&R","2025-03-10","2025-10-15","R&R Officer","Completed","0","Scheduled as per project implementation plan."
"MS-00351","PRJ-039","Completion","2025-03-10","2025-10-15","R&R Officer","Completed","0","Scheduled as per project implementation plan."
"MS-00352","PRJ-040","Proposal","2025-02-16","2025-10-15","PWD Agency","Completed","0","Scheduled as per project implementation plan."
"MS-00353","PRJ-040","Scrutiny","2025-02-16","2025-10-15","District Authority","Completed","0","Scheduled as per project implementation plan."
"MS-00354","PRJ-040","Approval","2025-02-16",,"State Government","In Progress","0","Active statutory stage."
"MS-00355","PRJ-040","Notification","2025-02-16",,"Central Ministry","Pending","0","Scheduled as per project implementation plan."
"MS-00356","PRJ-040","Award","2025-02-16",,"Land Acquisition Officer","Pending","0","Scheduled as per project implementation plan."
"MS-00357","PRJ-040","Compensation","2025-02-16",,"R&R Officer","Pending","0","Scheduled as per project implementation plan."
"MS-00358","PRJ-040","Possession","2025-02-16",,"R&R Officer","Pending","0","Scheduled as per project implementation plan."
"MS-00359","PRJ-040","R&R","2025-02-16",,"R&R Officer","Pending","0","Scheduled as per project implementation plan."
"MS-00360","PRJ-040","Completion","2025-02-16",,"R&R Officer","Pending","0","Scheduled as per project implementation plan."
"MS-00361","PRJ-041","Proposal","2025-04-04","2025-10-15","PWD Agency","Completed","0","Scheduled as per project implementation plan."
"MS-00362","PRJ-041","Scrutiny","2025-04-04","2025-10-15","District Authority","Completed","0","Scheduled as per project implementation plan."
"MS-00363","PRJ-041","Approval","2025-04-04","2025-10-15","State Government","Completed","0","Scheduled as per project implementation plan."
"MS-00364","PRJ-041","Notification","2025-04-04","2025-10-15","Central Ministry","Completed","0","Scheduled as per project implementation plan."
"MS-00365","PRJ-041","Award","2025-04-04","2025-10-15","Land Acquisition Officer","Completed","0","Scheduled as per project implementation plan."
"MS-00366","PRJ-041","Compensation","2025-04-04","2025-10-15","R&R Officer","Completed","0","Scheduled as per project implementation plan."
"MS-00367","PRJ-041","Possession","2025-04-04","2025-10-15","R&R Officer","Completed","0","Scheduled as per project implementation plan."
"MS-00368","PRJ-041","R&R","2025-04-04",,"R&R Officer","In Progress","0","Active statutory stage."
"MS-00369","PRJ-041","Completion","2025-04-04",,"R&R Officer","Pending","0","Scheduled as per project implementation plan."
"MS-00370","PRJ-042","Proposal","2025-08-26","2025-10-15","PWD Agency","Completed","0","Scheduled as per project implementation plan."
"MS-00371","PRJ-042","Scrutiny","2025-08-26","2025-10-15","District Authority","Completed","0","Scheduled as per project implementation plan."
"MS-00372","PRJ-042","Approval","2025-08-26","2025-10-15","State Government","Completed","0","Scheduled as per project implementation plan."
"MS-00373","PRJ-042","Notification","2025-08-26","2025-10-15","Central Ministry","Completed","0","Scheduled as per project implementation plan."
"MS-00374","PRJ-042","Award","2025-08-26","2025-10-15","Land Acquisition Officer","Completed","0","Scheduled as per project implementation plan."
"MS-00375","PRJ-042","Compensation","2025-08-26","2025-10-15","R&R Officer","Completed","0","Scheduled as per project implementation plan."
"MS-00376","PRJ-042","Possession","2025-08-26","2025-10-15","R&R Officer","Completed","0","Scheduled as per project implementation plan."
"MS-00377","PRJ-042","R&R","2025-08-26",,"R&R Officer","In Progress","0","Active statutory stage."
"MS-00378","PRJ-042","Completion","2025-08-26",,"R&R Officer","Pending","0","Scheduled as per project implementation plan."
"MS-00379","PRJ-043","Proposal","2025-07-23","2025-10-15","PWD Agency","Completed","0","Scheduled as per project implementation plan."
"MS-00380","PRJ-043","Scrutiny","2025-07-23","2025-10-15","District Authority","Completed","0","Scheduled as per project implementation plan."
"MS-00381","PRJ-043","Approval","2025-07-23","2025-10-15","State Government","Completed","0","Scheduled as per project implementation plan."
"MS-00382","PRJ-043","Notification","2025-07-23","2025-10-15","Central Ministry","Completed","0","Scheduled as per project implementation plan."
"MS-00383","PRJ-043","Award","2025-07-23","2025-10-15","Land Acquisition Officer","Completed","0","Scheduled as per project implementation plan."
"MS-00384","PRJ-043","Compensation","2025-07-23","2025-10-15","R&R Officer","Completed","0","Scheduled as per project implementation plan."
"MS-00385","PRJ-043","Possession","2025-07-23","2025-10-15","R&R Officer","Completed","0","Scheduled as per project implementation plan."
"MS-00386","PRJ-043","R&R","2025-07-23","2025-10-15","R&R Officer","Completed","0","Scheduled as per project implementation plan."
"MS-00387","PRJ-043","Completion","2025-07-23","2025-10-15","R&R Officer","Completed","0","Scheduled as per project implementation plan."
"MS-00388","PRJ-044","Proposal","2025-08-06","2025-10-15","PWD Agency","Completed","0","Scheduled as per project implementation plan."
"MS-00389","PRJ-044","Scrutiny","2025-08-06","2025-10-15","District Authority","Completed","0","Scheduled as per project implementation plan."
"MS-00390","PRJ-044","Approval","2025-08-06","2025-10-15","State Government","Completed","0","Scheduled as per project implementation plan."
"MS-00391","PRJ-044","Notification","2025-08-06","2025-10-15","Central Ministry","Completed","0","Scheduled as per project implementation plan."
"MS-00392","PRJ-044","Award","2025-08-06","2025-10-15","Land Acquisition Officer","Completed","0","Scheduled as per project implementation plan."
"MS-00393","PRJ-044","Compensation","2025-08-06",,"R&R Officer","In Progress","0","Active statutory stage."
"MS-00394","PRJ-044","Possession","2025-08-06",,"R&R Officer","Pending","0","Scheduled as per project implementation plan."
"MS-00395","PRJ-044","R&R","2025-08-06",,"R&R Officer","Pending","0","Scheduled as per project implementation plan."
"MS-00396","PRJ-044","Completion","2025-08-06",,"R&R Officer","Pending","0","Scheduled as per project implementation plan."
"MS-00397","PRJ-045","Proposal","2025-12-07","2025-10-15","PWD Agency","Completed","0","Scheduled as per project implementation plan."
"MS-00398","PRJ-045","Scrutiny","2025-12-07","2025-10-15","District Authority","Delayed","33","Delayed by 33 days during inter-departmental verification."
"MS-00399","PRJ-045","Approval","2025-12-07","2025-10-15","State Government","Completed","0","Scheduled as per project implementation plan."
"MS-00400","PRJ-045","Notification","2025-12-07","2025-10-15","Central Ministry","Completed","0","Scheduled as per project implementation plan."
"MS-00401","PRJ-045","Award","2025-12-07",,"Land Acquisition Officer","In Progress","0","Active statutory stage."
"MS-00402","PRJ-045","Compensation","2025-12-07",,"R&R Officer","Pending","0","Scheduled as per project implementation plan."
"MS-00403","PRJ-045","Possession","2025-12-07",,"R&R Officer","Pending","0","Scheduled as per project implementation plan."
"MS-00404","PRJ-045","R&R","2025-12-07",,"R&R Officer","Pending","0","Scheduled as per project implementation plan."
"MS-00405","PRJ-045","Completion","2025-12-07",,"R&R Officer","Pending","0","Scheduled as per project implementation plan."
"MS-00406","PRJ-046","Proposal","2025-02-08","2025-10-15","PWD Agency","Completed","0","Scheduled as per project implementation plan."
"MS-00407","PRJ-046","Scrutiny","2025-02-08","2025-10-15","District Authority","Completed","0","Scheduled as per project implementation plan."
"MS-00408","PRJ-046","Approval","2025-02-08","2025-10-15","State Government","Completed","0","Scheduled as per project implementation plan."
"MS-00409","PRJ-046","Notification","2025-02-08","2025-10-15","Central Ministry","Completed","0","Scheduled as per project implementation plan."
"MS-00410","PRJ-046","Award","2025-02-08","2025-10-15","Land Acquisition Officer","Completed","0","Scheduled as per project implementation plan."
"MS-00411","PRJ-046","Compensation","2025-02-08","2025-10-15","R&R Officer","Completed","0","Scheduled as per project implementation plan."
"MS-00412","PRJ-046","Possession","2025-02-08","2025-10-15","R&R Officer","Completed","0","Scheduled as per project implementation plan."
"MS-00413","PRJ-046","R&R","2025-02-08","2025-10-15","R&R Officer","Completed","0","Scheduled as per project implementation plan."
"MS-00414","PRJ-046","Completion","2025-02-08","2025-10-15","R&R Officer","Completed","0","Scheduled as per project implementation plan."
"MS-00415","PRJ-047","Proposal","2025-04-10","2025-10-15","PWD Agency","Completed","0","Scheduled as per project implementation plan."
"MS-00416","PRJ-047","Scrutiny","2025-04-10","2025-10-15","District Authority","Completed","0","Scheduled as per project implementation plan."
"MS-00417","PRJ-047","Approval","2025-04-10","2025-10-15","State Government","Completed","0","Scheduled as per project implementation plan."
"MS-00418","PRJ-047","Notification","2025-04-10","2025-10-15","Central Ministry","Completed","0","Scheduled as per project implementation plan."
"MS-00419","PRJ-047","Award","2025-04-10","2025-10-15","Land Acquisition Officer","Completed","0","Scheduled as per project implementation plan."
"MS-00420","PRJ-047","Compensation","2025-04-10",,"R&R Officer","In Progress","0","Active statutory stage."
"MS-00421","PRJ-047","Possession","2025-04-10",,"R&R Officer","Pending","0","Scheduled as per project implementation plan."
"MS-00422","PRJ-047","R&R","2025-04-10",,"R&R Officer","Pending","0","Scheduled as per project implementation plan."
"MS-00423","PRJ-047","Completion","2025-04-10",,"R&R Officer","Pending","0","Scheduled as per project implementation plan."
"MS-00424","PRJ-048","Proposal","2025-10-16","2025-10-15","PWD Agency","Completed","0","Scheduled as per project implementation plan."
"MS-00425","PRJ-048","Scrutiny","2025-10-16","2025-10-15","District Authority","Completed","0","Scheduled as per project implementation plan."
"MS-00426","PRJ-048","Approval","2025-10-16","2025-10-15","State Government","Completed","0","Scheduled as per project implementation plan."
"MS-00427","PRJ-048","Notification","2025-10-16","2025-10-15","Central Ministry","Completed","0","Scheduled as per project implementation plan."
"MS-00428","PRJ-048","Award","2025-10-16",,"Land Acquisition Officer","In Progress","0","Active statutory stage."
"MS-00429","PRJ-048","Compensation","2025-10-16",,"R&R Officer","Pending","0","Scheduled as per project implementation plan."
"MS-00430","PRJ-048","Possession","2025-10-16",,"R&R Officer","Pending","0","Scheduled as per project implementation plan."
"MS-00431","PRJ-048","R&R","2025-10-16",,"R&R Officer","Pending","0","Scheduled as per project implementation plan."
"MS-00432","PRJ-048","Completion","2025-10-16",,"R&R Officer","Pending","0","Scheduled as per project implementation plan."
"MS-00433","PRJ-049","Proposal","2025-09-11","2025-10-15","PWD Agency","Completed","0","Scheduled as per project implementation plan."
"MS-00434","PRJ-049","Scrutiny","2025-09-11","2025-10-15","District Authority","Delayed","58","Delayed by 58 days during inter-departmental verification."
"MS-00435","PRJ-049","Approval","2025-09-11","2025-10-15","State Government","Completed","0","Scheduled as per project implementation plan."
"MS-00436","PRJ-049","Notification","2025-09-11","2025-10-15","Central Ministry","Completed","0","Scheduled as per project implementation plan."
"MS-00437","PRJ-049","Award","2025-09-11","2025-10-15","Land Acquisition Officer","Completed","0","Scheduled as per project implementation plan."
"MS-00438","PRJ-049","Compensation","2025-09-11","2025-10-15","R&R Officer","Completed","0","Scheduled as per project implementation plan."
"MS-00439","PRJ-049","Possession","2025-09-11",,"R&R Officer","In Progress","0","Active statutory stage."
"MS-00440","PRJ-049","R&R","2025-09-11",,"R&R Officer","Pending","0","Scheduled as per project implementation plan."
"MS-00441","PRJ-049","Completion","2025-09-11",,"R&R Officer","Pending","0","Scheduled as per project implementation plan."
"MS-00442","PRJ-050","Proposal","2025-08-10","2025-10-15","PWD Agency","Completed","0","Scheduled as per project implementation plan."
"MS-00443","PRJ-050","Scrutiny","2025-08-10","2025-10-15","District Authority","Completed","0","Scheduled as per project implementation plan."
"MS-00444","PRJ-050","Approval","2025-08-10","2025-10-15","State Government","Completed","0","Scheduled as per project implementation plan."
"MS-00445","PRJ-050","Notification","2025-08-10","2025-10-15","Central Ministry","Completed","0","Scheduled as per project implementation plan."
"MS-00446","PRJ-050","Award","2025-08-10","2025-10-15","Land Acquisition Officer","Completed","0","Scheduled as per project implementation plan."
"MS-00447","PRJ-050","Compensation","2025-08-10",,"R&R Officer","In Progress","0","Active statutory stage."
"MS-00448","PRJ-050","Possession","2025-08-10",,"R&R Officer","Pending","0","Scheduled as per project implementation plan."
"MS-00449","PRJ-050","R&R","2025-08-10",,"R&R Officer","Pending","0","Scheduled as per project implementation plan."
"MS-00450","PRJ-050","Completion","2025-08-10",,"R&R Officer","Pending","0","Scheduled as per project implementation plan."
