"id","name","agency","state","district","type","landRequired","landAcquired","landNotified","acquisitionPct","compensationPct","possessionPct","rrPct","status","stage","targetDate","estimatedCost","risk","riskScore","affectedFamilies","displacedFamilies","compensationAssessed","compensationDisbursed","lastUpdated"
"PRJ-001","NH-861 Expansion","Ministry of Heavy Industries & Infrastructure","Maharashtra","Mumbai","Highways","19.8","19.8","19.8","100","100","100","100","Completed","Completion","2028-05-15","1143","LOW","15","40","9","285.75","285.75","2026-08-24 09:22"
"PRJ-002","NH-72 Expansion","National Highways Authority of India (NHAI)","Uttar Pradesh","Lucknow","Industrial Corridor","25.2","25.2","25.2","100","95","85","75","R&R In Progress","R&R","2027-05-22","1079.6","LOW","10","46","17","269.9","256.4","2026-08-20 08:42"
"PRJ-003","NH-615 Expansion","National Highways Authority of India (NHAI)","Tamil Nadu","Coimbatore","Highways","96","47.88","59.4","49.9","34.9","20","15","Delayed","Compensation","2029-04-19","3617","HIGH","69","324","120","904.25","315.58","2026-08-21 10:18"
"PRJ-004","NH-215 Expansion","Ministry of Railways (Railway Board)","Tamil Nadu","Coimbatore","Public Infrastructure","99.5","15.97","27.91","16.1","11.3","6.4","4.8","Delayed","Award","2029-12-11","2470","HIGH","73","225","86","617.5","69.78","2026-08-25 17:27"
"PRJ-005","NH-88 Expansion","National Highways Authority of India (NHAI)","Maharashtra","Mumbai","Industrial Corridor","97.7","14.71","26.43","15.1","7.6","0","0","Award Declared","Award","2029-05-02","3282.6","MEDIUM","56","281","93","820.65","62.37","2026-08-22 08:15"
"PRJ-006","NH-872 Expansion","Ministry of Heavy Industries & Infrastructure","Karnataka","Bengaluru","Public Infrastructure","43.7","43.7","43.7","100","100","100","100","Completed","Completion","2028-05-13","1387.4","LOW","15","113","40","346.85","346.85","2026-08-23 14:23"
"PRJ-007","RURAL ROAD-150","Ministry of Heavy Industries & Infrastructure","Tamil Nadu","Coimbatore","Highways","80.5","80.5","80.5","100","100","100","100","Completed","Completion","2030-01-18","2984.5","LOW","15","262","55","746.12","746.12","2026-08-21 13:42"
"PRJ-008","NH-344 Expansion","National Highways Authority of India (NHAI)","Maharashtra","Pune","Railways","92.1","49.45","60.5","53.7","40.3","21.5","10.7","Compensation Pending","Compensation","2030-05-28","4092.2","MEDIUM","52","294","59","1023.05","412.29","2026-08-21 13:45"
"PRJ-009","RURAL ROAD-294","Ministry of Heavy Industries & Infrastructure","Uttar Pradesh","Lucknow","Industrial Corridor","26.2","26.2","26.2","100","70","40","30","Delayed","Possession","2028-09-23","901.6","MEDIUM","56","81","28","225.4","157.78","2026-08-21 15:34"
"PRJ-010","NH-956 Expansion","Ministry of Heavy Industries & Infrastructure","Tamil Nadu","Coimbatore","Highways","81.9","81.9","81.9","100","50","0","0","Approved","Approval","2030-09-18","3056.5","MEDIUM","45","176","51","764.12","382.06","2026-08-21 14:17"
"PRJ-011","NH-460 Expansion","National Highways Authority of India (NHAI)","Tamil Nadu","Coimbatore","Railways","78","10.95","20.31","14","9.8","5.6","4.2","Delayed","Notification","2029-12-05","3691","HIGH","71","158","60","922.75","90.43","2026-08-27 08:53"
"PRJ-012","NH-253 Expansion","National Highways Authority of India (NHAI)","Karnataka","Bengaluru","Railways","26","26","26","100","95","85","75","R&R In Progress","R&R","2028-04-06","1354","LOW","12","55","17","338.5","321.58","2026-08-27 08:54"
"PRJ-013","NH-561 Expansion","Ministry of Heavy Industries & Infrastructure","Maharashtra","Mumbai","Public Infrastructure","67.9","63.76","67.9","93.9","65.7","37.6","28.2","Delayed","Possession","2028-01-21","2074.8","MEDIUM","55","134","42","518.7","340.79","2026-08-23 12:39"
"PRJ-014","NH-511 Expansion","Ministry of Heavy Industries & Infrastructure","Maharashtra","Mumbai","Highways","90","56.62","67.42","62.9","56.6","44","31.4","Possession Pending","Possession","2028-07-07","3505","MEDIUM","45","182","56","876.25","495.96","2026-08-21 09:28"
"PRJ-015","NH-476 Expansion","Ministry of Heavy Industries & Infrastructure","Tamil Nadu","Chennai","Railways","49.7","23.7","29.66","47.7","35.8","19.1","9.5","Compensation Pending","Compensation","2029-10-13","2562.4","MEDIUM","52","131","41","640.6","229.33","2026-08-22 16:10"
"PRJ-016","RURAL ROAD-271","Ministry of Railways (Railway Board)","Karnataka","Bengaluru","Industrial Corridor","37.6","15.68","20.19","41.7","29.2","16.7","12.5","Delayed","Compensation","2027-06-09","1220.8","HIGH","69","115","25","305.2","89.12","2026-08-24 09:57"
"PRJ-017","NH-687 Expansion","Ministry of Railways (Railway Board)","Maharashtra","Pune","Industrial Corridor","91.5","20.17","31.15","22","11","0","0","Award Declared","Award","2029-12-25","3139","MEDIUM","54","243","53","784.75","86.32","2026-08-27 08:55"
"PRJ-018","NH-876 Expansion","Ministry of Railways (Railway Board)","Maharashtra","Mumbai","Public Infrastructure","60.3","29.74","36.98","49.3","37","19.7","9.9","Compensation Pending","Compensation","2029-09-05","1586.6","MEDIUM","51","153","57","396.65","146.76","2026-08-26 10:38"
"PRJ-019","NH-832 Expansion","National Highways Authority of India (NHAI)","Uttar Pradesh","Lucknow","Railways","99.5","54.86","66.8","55.1","38.6","22","16.5","Delayed","Compensation","2028-04-19","4668","HIGH","62","307","71","1167","450.46","2026-08-22 09:35"
"PRJ-020","NH-485 Expansion","Ministry of Railways (Railway Board)","Karnataka","Bengaluru","Highways","49.1","22.93","28.82","46.7","32.7","18.7","14","Delayed","Compensation","2029-12-17","1901.5","HIGH","69","126","32","475.38","155.45","2026-08-24 11:33"
"PRJ-021","NH-21 Expansion","National Highways Authority of India (NHAI)","Tamil Nadu","Coimbatore","Industrial Corridor","23.4","23.4","23.4","100","50","0","0","Approved","Approval","2029-03-18","1212.2","MEDIUM","46","76","21","303.05","151.52","2026-08-27 15:27"
"PRJ-022","NH-274 Expansion","National Highways Authority of India (NHAI)","Uttar Pradesh","Lucknow","Railways","29.4","29.4","29.4","100","50","0","0","Approved","Approval","2030-01-18","1493.8","MEDIUM","47","55","18","373.45","186.72","2026-08-20 14:46"
"PRJ-023","RURAL ROAD-316","Ministry of Railways (Railway Board)","Uttar Pradesh","Lucknow","Railways","50","50","50","100","95","85","75","R&R In Progress","R&R","2028-01-08","2538","LOW","12","155","54","634.5","602.78","2026-08-26 17:20"
"PRJ-024","NH-777 Expansion","Ministry of Railways (Railway Board)","Tamil Nadu","Coimbatore","Public Infrastructure","73.9","48.72","57.59","65.9","59.3","46.1","33","Possession Pending","Possession","2028-09-24","2101.8","MEDIUM","46","219","77","525.45","311.59","2026-08-26 09:16"
"PRJ-025","NH-898 Expansion","Ministry of Railways (Railway Board)","Karnataka","Bengaluru","Industrial Corridor","13.2","13.2","13.2","100","95","85","75","R&R In Progress","R&R","2027-10-10","805.6","LOW","12","35","9","201.4","191.33","2026-08-26 08:39"
"PRJ-026","NH-367 Expansion","Ministry of Heavy Industries & Infrastructure","Tamil Nadu","Coimbatore","Industrial Corridor","78.7","11.17","20.61","14.2","7.1","0","0","Approved","Approval","2028-11-17","2620.6","MEDIUM","53","235","66","655.15","46.52","2026-08-27 09:23"
"PRJ-027","NH-428 Expansion","Ministry of Railways (Railway Board)","Tamil Nadu","Chennai","Highways","55.9","55.9","55.9","100","100","100","100","Completed","Completion","2029-08-02","2197.5","LOW","15","154","38","549.38","549.38","2026-08-24 11:53"
"PRJ-028","NH-943 Expansion","Ministry of Heavy Industries & Infrastructure","Uttar Pradesh","Lucknow","Industrial Corridor","98.2","98.2","98.2","100","100","100","100","Completed","Completion","2027-04-13","3202.6","LOW","15","235","63","800.65","800.65","2026-08-27 14:40"
"PRJ-029","NH-81 Expansion","National Highways Authority of India (NHAI)","Gujarat","Surat","Highways","56.9","56.9","56.9","100","100","100","100","Completed","Completion","2029-09-30","2162.5","LOW","15","163","36","540.62","540.62","2026-08-25 08:21"
"PRJ-030","NH-872 Expansion","Ministry of Heavy Industries & Infrastructure","Gujarat","Surat","Industrial Corridor","47.4","7.75","13.44","16.4","8.2","0","0","Award Declared","Award","2030-04-11","1659.2","MEDIUM","55","140","31","414.8","34.01","2026-08-25 12:44"
"PRJ-031","RURAL ROAD-390","Ministry of Railways (Railway Board)","Maharashtra","Pune","Public Infrastructure","12.1","12.1","12.1","100","95","85","75","R&R In Progress","R&R","2027-12-02","603.2","LOW","10","31","6","150.8","143.26","2026-08-20 11:23"
"PRJ-032","NH-772 Expansion","National Highways Authority of India (NHAI)","Maharashtra","Mumbai","Industrial Corridor","84.9","36.67","46.86","43.2","32.4","17.3","8.6","Compensation Pending","Compensation","2029-04-30","2695.2","MEDIUM","53","267","101","673.8","218.31","2026-08-20 10:17"
"PRJ-033","NH-703 Expansion","National Highways Authority of India (NHAI)","Tamil Nadu","Coimbatore","Highways","76.9","7.8","17.03","10.1","5","0","0","Approved","Approval","2029-01-27","3075.5","MEDIUM","55","192","58","768.88","38.44","2026-08-24 15:13"
"PRJ-034","RURAL ROAD-44","National Highways Authority of India (NHAI)","Tamil Nadu","Coimbatore","Highways","13.7","13.33","13.7","97.3","92.4","82.7","73","R&R In Progress","R&R","2030-01-17","822.5","LOW","14","30","10","205.62","189.99","2026-08-24 09:23"
"PRJ-035","RURAL ROAD-446","Ministry of Heavy Industries & Infrastructure","Maharashtra","Pune","Public Infrastructure","32.9","26.26","30.21","79.8","55.9","31.9","23.9","Delayed","Possession","2030-01-11","1259.8","HIGH","60","64","25","314.95","176.06","2026-08-26 13:43"
"PRJ-036","RURAL ROAD-351","Ministry of Railways (Railway Board)","Maharashtra","Pune","Industrial Corridor","46.4","46.4","46.4","100","95","85","75","R&R In Progress","R&R","2028-08-24","1502.2","LOW","12","143","57","375.55","356.77","2026-08-23 13:42"
"PRJ-037","RURAL ROAD-456","National Highways Authority of India (NHAI)","Maharashtra","Pune","Industrial Corridor","66.2","56.61","64.55","85.5","81.2","72.7","64.1","R&R In Progress","R&R","2028-02-03","2230.6","LOW","23","136","30","557.65","452.81","2026-08-25 09:43"
"PRJ-038","NH-252 Expansion","National Highways Authority of India (NHAI)","Uttar Pradesh","Lucknow","Public Infrastructure","53.7","53.7","53.7","100","95","85","75","R&R In Progress","R&R","2029-04-15","1352.4","LOW","12","120","36","338.1","321.2","2026-08-20 14:32"
"PRJ-039","NH-296 Expansion","National Highways Authority of India (NHAI)","Tamil Nadu","Chennai","Industrial Corridor","87.5","87.5","87.5","100","100","100","100","Completed","Completion","2029-06-12","2637","LOW","15","194","45","659.25","659.25","2026-08-22 13:46"
"PRJ-040","RURAL ROAD-237","Ministry of Heavy Industries & Infrastructure","Tamil Nadu","Coimbatore","Industrial Corridor","38.2","10.95","15.53","28.7","14.4","0","0","Approved","Approval","2028-04-03","1291.6","MEDIUM","53","122","28","322.9","46.5","2026-08-22 12:25"
"PRJ-041","NH-53 Expansion","Ministry of Heavy Industries & Infrastructure","Uttar Pradesh","Lucknow","Highways","12.6","12.6","12.6","100","95","85","75","R&R In Progress","R&R","2029-04-01","681","LOW","12","32","10","170.25","161.74","2026-08-20 13:28"
"PRJ-042","NH-217 Expansion","Ministry of Railways (Railway Board)","Maharashtra","Pune","Industrial Corridor","32.5","32.5","32.5","100","95","85","75","R&R In Progress","R&R","2030-06-11","1105","LOW","12","84","21","276.25","262.44","2026-08-24 11:26"
"PRJ-043","NH-380 Expansion","Ministry of Heavy Industries & Infrastructure","Tamil Nadu","Coimbatore","Industrial Corridor","37.6","37.6","37.6","100","100","100","100","Completed","Completion","2029-08-21","1472.8","LOW","15","113","35","368.2","368.2","2026-08-23 14:53"
"PRJ-044","NH-157 Expansion","National Highways Authority of India (NHAI)","Uttar Pradesh","Lucknow","Public Infrastructure","89.7","46.81","57.57","52.2","39.2","20.9","10.4","Compensation Pending","Compensation","2029-06-11","2239.4","MEDIUM","53","173","50","559.85","219.46","2026-08-20 17:19"
"PRJ-045","RURAL ROAD-65","Ministry of Railways (Railway Board)","Tamil Nadu","Chennai","Public Infrastructure","70.8","20.61","29.11","29.1","20.4","11.6","8.7","Delayed","Award","2029-03-07","1917.6","HIGH","73","185","46","479.4","97.8","2026-08-23 08:35"
"PRJ-046","NH-521 Expansion","National Highways Authority of India (NHAI)","Uttar Pradesh","Lucknow","Railways","38.3","38.3","38.3","100","100","100","100","Completed","Completion","2029-08-15","2061.6","LOW","15","105","27","515.4","515.4","2026-08-21 13:28"
"PRJ-047","RURAL ROAD-492","National Highways Authority of India (NHAI)","Tamil Nadu","Chennai","Highways","97.8","50.72","62.46","51.9","38.9","20.8","10.4","Compensation Pending","Compensation","2027-10-18","3856","MEDIUM","51","195","47","964","375","2026-08-25 10:29"
"PRJ-048","NH-63 Expansion","Ministry of Heavy Industries & Infrastructure","Maharashtra","Pune","Industrial Corridor","58","10.25","17.21","17.7","8.8","0","0","Award Declared","Award","2029-10-23","1948","MEDIUM","54","147","37","487","42.86","2026-08-21 12:40"
"PRJ-049","RURAL ROAD-81","Ministry of Railways (Railway Board)","Tamil Nadu","Chennai","Industrial Corridor","55.2","43.83","50.45","79.4","55.6","31.8","23.8","Delayed","Possession","2030-05-15","2042.6","HIGH","63","166","55","510.65","283.92","2026-08-20 13:35"
"PRJ-050","RURAL ROAD-419","Ministry of Heavy Industries & Infrastructure","Tamil Nadu","Coimbatore","Railways","92.8","49.27","60.41","53.1","39.8","21.2","10.6","Compensation Pending","Compensation","2030-05-14","4495.6","MEDIUM","48","223","60","1123.9","447.31","2026-08-26 14:14"
