"id","module","recordId","action","createdTime","retryCount","status","lastError"
"SYN-0001","Land Verification","LP-0068-MH","UPDATE","2026-08-27 11:30","0","Synchronized",
"SYN-0002","Land Verification","LP-0012-TN","UPDATE","2026-08-27 11:30","0","Synchronized",
"SYN-0003","Land Verification","LP-0042-MH","UPDATE","2026-08-27 11:30","0","Synchronized",
"SYN-0004","Land Verification","LP-0042-MH","UPDATE","2026-08-27 11:30","0","Synchronized",
"SYN-0005","Land Verification","LP-0182-TN","UPDATE","2026-08-27 11:30","0","Synchronized",
"SYN-0006","Land Verification","LP-0081-MH","UPDATE","2026-08-27 11:30","0","Synchronized",
"SYN-0007","Land Verification","LP-0188-UP","UPDATE","2026-08-27 11:30","0","Synchronized",
"SYN-0008","Land Verification","LP-0135-GJ","UPDATE","2026-08-27 11:30","0","Synchronized",
"SYN-0009","Land Verification","LP-0027-KA","UPDATE","2026-08-27 11:30","0","Synchronized",
"SYN-0010","Land Verification","LP-0134-UP","UPDATE","2026-08-27 11:30","0","Synchronized",
"SYN-0011","Land Verification","LP-0062-MH","UPDATE","2026-08-27 11:30","0","Synchronized",
"SYN-0012","Land Verification","LP-0033-TN","UPDATE","2026-08-27 11:30","0","Synchronized",
"SYN-0013","Land Verification","LP-0170-MH","UPDATE","2026-08-27 11:30","0","Synchronized",
"SYN-0014","Land Verification","LP-0001-MH","UPDATE","2026-08-27 11:30","0","Synchronized",
"SYN-0015","Land Verification","LP-0058-KA","UPDATE","2026-08-27 11:30","0","Synchronized",
"SYN-0016","Land Verification","LP-0074-TN","UPDATE","2026-08-27 11:30","0","Synchronized",
"SYN-0017","Land Verification","LP-0162-MH","UPDATE","2026-08-27 11:30","0","Synchronized",
"SYN-0018","Land Verification","LP-0189-UP","UPDATE","2026-08-27 11:30","0","Synchronized",
"SYN-0019","Land Verification","LP-0229-TN","UPDATE","2026-08-27 11:30","0","Synchronized",
"SYN-0020","Land Verification","LP-0008-TN","UPDATE","2026-08-27 11:30","0","Synchronized",
"SYN-0021","Land Verification","LP-0211-UP","UPDATE","2026-08-27 11:30","0","Synchronized",
"SYN-0022","Land Verification","LP-0096-UP","UPDATE","2026-08-27 11:30","0","Synchronized",
"SYN-0023","Land Verification","LP-0206-TN","UPDATE","2026-08-27 11:30","0","Synchronized",
"SYN-0024","Land Verification","LP-0146-MH","UPDATE","2026-08-27 11:30","0","Synchronized",
"SYN-0025","Land Verification","LP-0023-MH","UPDATE","2026-08-27 11:30","0","Synchronized",
